id_produk,nama_produk,stok,nama_kategori,jumlah_terjual,rata_harian,hari_stok,status_stok,status_pergerakan
7,Besi Beton 8mm,200,Besi,109,0.5956284153005464,335.7798165137615,Aman,Slow Moving
1,Semen Tiga Roda 50kg,150,Semen,158,0.8633879781420765,173.73417721518987,Aman,Slow Moving
8,Besi Beton 10mm,150,Besi,190,1.0382513661202186,144.4736842105263,Aman,Normal
2,Semen Gresik 50kg,120,Semen,171,0.9344262295081968,128.42105263157893,Aman,Slow Moving
3,Semen Padang 50kg,100,Semen,121,0.6612021857923497,151.2396694214876,Aman,Slow Moving
9,Besi Beton 12mm,100,Besi,251,1.3715846994535519,72.90836653386454,Aman,Normal
10,Pipa PVC 1/2 Inch,100,Pipa,253,1.3825136612021858,72.33201581027669,Aman,Normal
16,Keramik 40x40,100,Keramik,195,1.0655737704918034,93.84615384615384,Aman,Normal
11,Pipa PVC 1 Inch,80,Pipa,217,1.185792349726776,67.46543778801843,Aman,Normal
17,Keramik 60x60,70,Keramik,221,1.2076502732240437,57.963800904977376,Aman,Normal
12,Kayu Meranti,60,Kayu,172,0.9398907103825137,63.837209302325576,Aman,Normal
4,Cat Tembok Avian 5kg,50,Cat,166,0.907103825136612,55.12048192771084,Aman,Normal
6,Cat Kayu Avian 1kg,40,Cat,236,1.289617486338798,31.01694915254237,Aman,Normal
5,Cat Tembok Dulux 5kg,35,Cat,148,0.8087431693989071,43.277027027027025,Aman,Normal
15,Meteran 5 Meter,30,Perkakas,184,1.005464480874317,29.83695652173913,Aman,Normal
13,Palu Besi,25,Perkakas,221,1.2076502732240437,20.70135746606335,Perlu Restock,Normal
14,Bor Tangan,15,Perkakas,157,0.8579234972677595,17.48407643312102,Perlu Restock,Normal
