id_produk,nama_produk,jumlah_terjual,omzet
10,Pipa PVC 1/2 Inch,253,6325000.0
9,Besi Beton 12mm,251,30120000.0
6,Cat Kayu Avian 1kg,236,17700000.0
17,Keramik 60x60,221,20995000.0
13,Palu Besi,221,16575000.0
11,Pipa PVC 1 Inch,217,8680000.0
16,Keramik 40x40,195,12675000.0
8,Besi Beton 10mm,190,16150000.0
15,Meteran 5 Meter,184,6440000.0
12,Kayu Meranti,172,14620000.0
2,Semen Gresik 50kg,171,10773000.0
4,Cat Tembok Avian 5kg,166,24070000.0
1,Semen Tiga Roda 50kg,158,10270000.0
14,Bor Tangan,157,70650000.0
5,Cat Tembok Dulux 5kg,148,27380000.0
3,Semen Padang 50kg,121,7502000.0
7,Besi Beton 8mm,109,5995000.0
