id_transaksi,id_pelanggan,tanggal_transaksi,total_transaksi,status,id_produk,nama_produk,harga_produk,stok,id_kategori,nama_kategori,id_detail,jumlah,harga_transaksi,subtotal,tanggal,bulan,tahun
67,2,2026-04-01 09:51:23,255000.0,selesai,8,Besi Beton 10mm,85000.0,150,3,Besi,169,3,85000.0,255000.0,2026-04-01,2026-04,2026
26,9,2026-04-01 13:11:48,9640000.0,selesai,12,Kayu Meranti,85000.0,60,5,Kayu,66,5,85000.0,425000.0,2026-04-01,2026-04,2026
26,9,2026-04-01 13:11:48,9640000.0,selesai,16,Keramik 40x40,65000.0,100,7,Keramik,64,2,65000.0,130000.0,2026-04-01,2026-04,2026
26,9,2026-04-01 13:11:48,9640000.0,selesai,14,Bor Tangan,450000.0,15,6,Perkakas,65,20,450000.0,9000000.0,2026-04-01,2026-04,2026
26,9,2026-04-01 13:11:48,9640000.0,selesai,8,Besi Beton 10mm,85000.0,150,3,Besi,67,1,85000.0,85000.0,2026-04-01,2026-04,2026
278,3,2026-04-02 11:14:03,1031000.0,selesai,10,Pipa PVC 1/2 Inch,25000.0,100,4,Pipa,702,5,25000.0,125000.0,2026-04-02,2026-04,2026
278,3,2026-04-02 11:14:03,1031000.0,selesai,6,Cat Kayu Avian 1kg,75000.0,40,2,Cat,700,3,75000.0,225000.0,2026-04-02,2026-04,2026
278,3,2026-04-02 11:14:03,1031000.0,selesai,5,Cat Tembok Dulux 5kg,185000.0,35,2,Cat,703,3,185000.0,555000.0,2026-04-02,2026-04,2026
278,3,2026-04-02 11:14:03,1031000.0,selesai,2,Semen Gresik 50kg,63000.0,120,1,Semen,701,2,63000.0,126000.0,2026-04-02,2026-04,2026
145,10,2026-04-02 15:11:05,700000.0,selesai,8,Besi Beton 10mm,85000.0,150,3,Besi,368,5,85000.0,425000.0,2026-04-02,2026-04,2026
145,10,2026-04-02 15:11:05,700000.0,selesai,7,Besi Beton 8mm,55000.0,200,3,Besi,369,5,55000.0,275000.0,2026-04-02,2026-04,2026
140,5,2026-04-02 16:23:33,9190000.0,selesai,17,Keramik 60x60,95000.0,70,7,Keramik,357,2,95000.0,190000.0,2026-04-02,2026-04,2026
140,5,2026-04-02 16:23:33,9190000.0,selesai,14,Bor Tangan,450000.0,15,6,Perkakas,358,20,450000.0,9000000.0,2026-04-02,2026-04,2026
107,9,2026-04-02 16:26:02,120000.0,selesai,9,Besi Beton 12mm,120000.0,100,3,Besi,267,1,120000.0,120000.0,2026-04-02,2026-04,2026
163,6,2026-04-02 17:40:43,189000.0,selesai,2,Semen Gresik 50kg,63000.0,120,1,Semen,419,3,63000.0,189000.0,2026-04-02,2026-04,2026
266,10,2026-04-03 15:14:19,4565000.0,selesai,14,Bor Tangan,450000.0,15,6,Perkakas,670,10,450000.0,4500000.0,2026-04-03,2026-04,2026
266,10,2026-04-03 15:14:19,4565000.0,selesai,16,Keramik 40x40,65000.0,100,7,Keramik,671,1,65000.0,65000.0,2026-04-03,2026-04,2026
202,9,2026-04-04 11:56:10,730000.0,selesai,5,Cat Tembok Dulux 5kg,185000.0,35,2,Cat,521,3,185000.0,555000.0,2026-04-04,2026-04,2026
202,9,2026-04-04 11:56:10,730000.0,selesai,13,Palu Besi,75000.0,25,6,Perkakas,520,2,75000.0,150000.0,2026-04-04,2026-04,2026
202,9,2026-04-04 11:56:10,730000.0,selesai,10,Pipa PVC 1/2 Inch,25000.0,100,4,Pipa,519,1,25000.0,25000.0,2026-04-04,2026-04,2026
260,7,2026-04-05 11:50:01,1940000.0,selesai,8,Besi Beton 10mm,85000.0,150,3,Besi,656,1,85000.0,85000.0,2026-04-05,2026-04,2026
260,7,2026-04-05 11:50:01,1940000.0,selesai,5,Cat Tembok Dulux 5kg,185000.0,35,2,Cat,654,1,185000.0,185000.0,2026-04-05,2026-04,2026
260,7,2026-04-05 11:50:01,1940000.0,selesai,13,Palu Besi,75000.0,25,6,Perkakas,655,20,75000.0,1500000.0,2026-04-05,2026-04,2026
260,7,2026-04-05 11:50:01,1940000.0,selesai,12,Kayu Meranti,85000.0,60,5,Kayu,657,2,85000.0,170000.0,2026-04-05,2026-04,2026
22,1,2026-04-05 14:49:01,145000.0,selesai,4,Cat Tembok Avian 5kg,145000.0,50,2,Cat,55,1,145000.0,145000.0,2026-04-05,2026-04,2026
243,8,2026-04-06 15:38:57,535000.0,selesai,10,Pipa PVC 1/2 Inch,25000.0,100,4,Pipa,614,3,25000.0,75000.0,2026-04-06,2026-04,2026
243,8,2026-04-06 15:38:57,535000.0,selesai,4,Cat Tembok Avian 5kg,145000.0,50,2,Cat,616,2,145000.0,290000.0,2026-04-06,2026-04,2026
243,8,2026-04-06 15:38:57,535000.0,selesai,12,Kayu Meranti,85000.0,60,5,Kayu,615,2,85000.0,170000.0,2026-04-06,2026-04,2026
285,1,2026-04-08 10:52:49,500000.0,selesai,16,Keramik 40x40,65000.0,100,7,Keramik,714,1,65000.0,65000.0,2026-04-08,2026-04,2026
285,1,2026-04-08 10:52:49,500000.0,selesai,4,Cat Tembok Avian 5kg,145000.0,50,2,Cat,715,3,145000.0,435000.0,2026-04-08,2026-04,2026
152,8,2026-04-08 12:25:22,250000.0,selesai,5,Cat Tembok Dulux 5kg,185000.0,35,2,Cat,389,1,185000.0,185000.0,2026-04-08,2026-04,2026
152,8,2026-04-08 12:25:22,250000.0,selesai,11,Pipa PVC 1 Inch,40000.0,80,4,Pipa,387,1,40000.0,40000.0,2026-04-08,2026-04,2026
152,8,2026-04-08 12:25:22,250000.0,selesai,10,Pipa PVC 1/2 Inch,25000.0,100,4,Pipa,388,1,25000.0,25000.0,2026-04-08,2026-04,2026
54,8,2026-04-10 12:02:20,555000.0,selesai,5,Cat Tembok Dulux 5kg,185000.0,35,2,Cat,139,3,185000.0,555000.0,2026-04-10,2026-04,2026
102,3,2026-04-11 16:52:37,452000.0,selesai,17,Keramik 60x60,95000.0,70,7,Keramik,256,2,95000.0,190000.0,2026-04-11,2026-04,2026
102,3,2026-04-11 16:52:37,452000.0,selesai,3,Semen Padang 50kg,62000.0,100,1,Semen,258,1,62000.0,62000.0,2026-04-11,2026-04,2026
102,3,2026-04-11 16:52:37,452000.0,selesai,11,Pipa PVC 1 Inch,40000.0,80,4,Pipa,257,5,40000.0,200000.0,2026-04-11,2026-04,2026
210,6,2026-04-11 16:59:48,430000.0,selesai,17,Keramik 60x60,95000.0,70,7,Keramik,535,2,95000.0,190000.0,2026-04-11,2026-04,2026
210,6,2026-04-11 16:59:48,430000.0,selesai,9,Besi Beton 12mm,120000.0,100,3,Besi,536,2,120000.0,240000.0,2026-04-11,2026-04,2026
120,1,2026-04-12 13:26:11,1090000.0,selesai,16,Keramik 40x40,65000.0,100,7,Keramik,302,1,65000.0,65000.0,2026-04-12,2026-04,2026
120,1,2026-04-12 13:26:11,1090000.0,selesai,9,Besi Beton 12mm,120000.0,100,3,Besi,301,5,120000.0,600000.0,2026-04-12,2026-04,2026
120,1,2026-04-12 13:26:11,1090000.0,selesai,6,Cat Kayu Avian 1kg,75000.0,40,2,Cat,299,3,75000.0,225000.0,2026-04-12,2026-04,2026
120,1,2026-04-12 13:26:11,1090000.0,selesai,11,Pipa PVC 1 Inch,40000.0,80,4,Pipa,300,5,40000.0,200000.0,2026-04-12,2026-04,2026
147,3,2026-04-13 12:17:51,1270000.0,selesai,8,Besi Beton 10mm,85000.0,150,3,Besi,374,3,85000.0,255000.0,2026-04-13,2026-04,2026
147,3,2026-04-13 12:17:51,1270000.0,selesai,17,Keramik 60x60,95000.0,70,7,Keramik,375,3,95000.0,285000.0,2026-04-13,2026-04,2026
147,3,2026-04-13 12:17:51,1270000.0,selesai,9,Besi Beton 12mm,120000.0,100,3,Besi,376,3,120000.0,360000.0,2026-04-13,2026-04,2026
147,3,2026-04-13 12:17:51,1270000.0,selesai,5,Cat Tembok Dulux 5kg,185000.0,35,2,Cat,373,2,185000.0,370000.0,2026-04-13,2026-04,2026
146,6,2026-04-13 17:46:37,810000.0,selesai,9,Besi Beton 12mm,120000.0,100,3,Besi,370,3,120000.0,360000.0,2026-04-13,2026-04,2026
146,6,2026-04-13 17:46:37,810000.0,selesai,6,Cat Kayu Avian 1kg,75000.0,40,2,Cat,372,5,75000.0,375000.0,2026-04-13,2026-04,2026
146,6,2026-04-13 17:46:37,810000.0,selesai,13,Palu Besi,75000.0,25,6,Perkakas,371,1,75000.0,75000.0,2026-04-13,2026-04,2026
117,4,2026-04-14 10:01:04,195000.0,selesai,1,Semen Tiga Roda 50kg,65000.0,150,1,Semen,292,3,65000.0,195000.0,2026-04-14,2026-04,2026
138,5,2026-04-14 10:53:35,360000.0,selesai,9,Besi Beton 12mm,120000.0,100,3,Besi,354,3,120000.0,360000.0,2026-04-14,2026-04,2026
255,2,2026-04-14 11:37:24,190000.0,selesai,17,Keramik 60x60,95000.0,70,7,Keramik,641,2,95000.0,190000.0,2026-04-14,2026-04,2026
119,1,2026-04-15 09:52:13,830000.0,selesai,16,Keramik 40x40,65000.0,100,7,Keramik,296,3,65000.0,195000.0,2026-04-15,2026-04,2026
119,1,2026-04-15 09:52:13,830000.0,selesai,11,Pipa PVC 1 Inch,40000.0,80,4,Pipa,297,2,40000.0,80000.0,2026-04-15,2026-04,2026
119,1,2026-04-15 09:52:13,830000.0,selesai,5,Cat Tembok Dulux 5kg,185000.0,35,2,Cat,298,3,185000.0,555000.0,2026-04-15,2026-04,2026
184,10,2026-04-15 17:03:51,1125000.0,selesai,11,Pipa PVC 1 Inch,40000.0,80,4,Pipa,468,20,40000.0,800000.0,2026-04-15,2026-04,2026
184,10,2026-04-15 17:03:51,1125000.0,selesai,1,Semen Tiga Roda 50kg,65000.0,150,1,Semen,469,5,65000.0,325000.0,2026-04-15,2026-04,2026
1,9,2026-04-17 08:15:17,170000.0,selesai,8,Besi Beton 10mm,85000.0,150,3,Besi,1,2,85000.0,170000.0,2026-04-17,2026-04,2026
41,2,2026-04-18 10:04:49,435000.0,selesai,11,Pipa PVC 1 Inch,40000.0,80,4,Pipa,109,1,40000.0,40000.0,2026-04-18,2026-04,2026
41,2,2026-04-18 10:04:49,435000.0,selesai,15,Meteran 5 Meter,35000.0,30,6,Perkakas,108,2,35000.0,70000.0,2026-04-18,2026-04,2026
41,2,2026-04-18 10:04:49,435000.0,selesai,16,Keramik 40x40,65000.0,100,7,Keramik,107,5,65000.0,325000.0,2026-04-18,2026-04,2026
39,5,2026-04-19 13:00:38,65000.0,selesai,16,Keramik 40x40,65000.0,100,7,Keramik,103,1,65000.0,65000.0,2026-04-19,2026-04,2026
49,1,2026-04-21 11:39:06,185000.0,selesai,10,Pipa PVC 1/2 Inch,25000.0,100,4,Pipa,127,3,25000.0,75000.0,2026-04-21,2026-04,2026
49,1,2026-04-21 11:39:06,185000.0,selesai,7,Besi Beton 8mm,55000.0,200,3,Besi,128,2,55000.0,110000.0,2026-04-21,2026-04,2026
233,9,2026-04-21 16:05:12,520000.0,selesai,8,Besi Beton 10mm,85000.0,150,3,Besi,590,1,85000.0,85000.0,2026-04-21,2026-04,2026
233,9,2026-04-21 16:05:12,520000.0,selesai,4,Cat Tembok Avian 5kg,145000.0,50,2,Cat,591,3,145000.0,435000.0,2026-04-21,2026-04,2026
73,1,2026-04-22 09:15:48,470000.0,selesai,5,Cat Tembok Dulux 5kg,185000.0,35,2,Cat,183,2,185000.0,370000.0,2026-04-22,2026-04,2026
73,1,2026-04-22 09:15:48,470000.0,selesai,13,Palu Besi,75000.0,25,6,Perkakas,182,1,75000.0,75000.0,2026-04-22,2026-04,2026
73,1,2026-04-22 09:15:48,470000.0,selesai,10,Pipa PVC 1/2 Inch,25000.0,100,4,Pipa,181,1,25000.0,25000.0,2026-04-22,2026-04,2026
127,6,2026-04-22 17:33:45,2585000.0,selesai,9,Besi Beton 12mm,120000.0,100,3,Besi,322,20,120000.0,2400000.0,2026-04-22,2026-04,2026
127,6,2026-04-22 17:33:45,2585000.0,selesai,5,Cat Tembok Dulux 5kg,185000.0,35,2,Cat,321,1,185000.0,185000.0,2026-04-22,2026-04,2026
37,4,2026-04-23 08:10:17,186000.0,selesai,3,Semen Padang 50kg,62000.0,100,1,Semen,98,3,62000.0,186000.0,2026-04-23,2026-04,2026
59,10,2026-04-23 16:53:27,1693000.0,selesai,2,Semen Gresik 50kg,63000.0,120,1,Semen,151,1,63000.0,63000.0,2026-04-23,2026-04,2026
59,10,2026-04-23 16:53:27,1693000.0,selesai,14,Bor Tangan,450000.0,15,6,Perkakas,149,2,450000.0,900000.0,2026-04-23,2026-04,2026
59,10,2026-04-23 16:53:27,1693000.0,selesai,7,Besi Beton 8mm,55000.0,200,3,Besi,150,2,55000.0,110000.0,2026-04-23,2026-04,2026
59,10,2026-04-23 16:53:27,1693000.0,selesai,3,Semen Padang 50kg,62000.0,100,1,Semen,152,10,62000.0,620000.0,2026-04-23,2026-04,2026
271,7,2026-04-24 13:52:48,950000.0,selesai,17,Keramik 60x60,95000.0,70,7,Keramik,685,10,95000.0,950000.0,2026-04-24,2026-04,2026
217,8,2026-04-24 15:14:54,70000.0,selesai,15,Meteran 5 Meter,35000.0,30,6,Perkakas,550,2,35000.0,70000.0,2026-04-24,2026-04,2026
174,8,2026-04-24 15:51:24,1100000.0,selesai,15,Meteran 5 Meter,35000.0,30,6,Perkakas,447,3,35000.0,105000.0,2026-04-24,2026-04,2026
174,8,2026-04-24 15:51:24,1100000.0,selesai,4,Cat Tembok Avian 5kg,145000.0,50,2,Cat,446,1,145000.0,145000.0,2026-04-24,2026-04,2026
174,8,2026-04-24 15:51:24,1100000.0,selesai,12,Kayu Meranti,85000.0,60,5,Kayu,448,10,85000.0,850000.0,2026-04-24,2026-04,2026
63,4,2026-04-25 10:38:14,360000.0,selesai,9,Besi Beton 12mm,120000.0,100,3,Besi,162,3,120000.0,360000.0,2026-04-25,2026-04,2026
32,9,2026-04-25 14:12:34,435000.0,selesai,6,Cat Kayu Avian 1kg,75000.0,40,2,Cat,85,3,75000.0,225000.0,2026-04-25,2026-04,2026
32,9,2026-04-25 14:12:34,435000.0,selesai,17,Keramik 60x60,95000.0,70,7,Keramik,83,1,95000.0,95000.0,2026-04-25,2026-04,2026
32,9,2026-04-25 14:12:34,435000.0,selesai,10,Pipa PVC 1/2 Inch,25000.0,100,4,Pipa,84,2,25000.0,50000.0,2026-04-25,2026-04,2026
32,9,2026-04-25 14:12:34,435000.0,selesai,16,Keramik 40x40,65000.0,100,7,Keramik,82,1,65000.0,65000.0,2026-04-25,2026-04,2026
228,3,2026-04-26 08:02:55,135000.0,selesai,15,Meteran 5 Meter,35000.0,30,6,Perkakas,577,2,35000.0,70000.0,2026-04-26,2026-04,2026
228,3,2026-04-26 08:02:55,135000.0,selesai,1,Semen Tiga Roda 50kg,65000.0,150,1,Semen,578,1,65000.0,65000.0,2026-04-26,2026-04,2026
279,3,2026-04-26 08:34:44,1220000.0,selesai,10,Pipa PVC 1/2 Inch,25000.0,100,4,Pipa,707,20,25000.0,500000.0,2026-04-26,2026-04,2026
279,3,2026-04-26 08:34:44,1220000.0,selesai,11,Pipa PVC 1 Inch,40000.0,80,4,Pipa,705,2,40000.0,80000.0,2026-04-26,2026-04,2026
279,3,2026-04-26 08:34:44,1220000.0,selesai,5,Cat Tembok Dulux 5kg,185000.0,35,2,Cat,706,3,185000.0,555000.0,2026-04-26,2026-04,2026
279,3,2026-04-26 08:34:44,1220000.0,selesai,8,Besi Beton 10mm,85000.0,150,3,Besi,704,1,85000.0,85000.0,2026-04-26,2026-04,2026
10,7,2026-04-26 11:51:31,487000.0,selesai,16,Keramik 40x40,65000.0,100,7,Keramik,28,1,65000.0,65000.0,2026-04-26,2026-04,2026
10,7,2026-04-26 11:51:31,487000.0,selesai,3,Semen Padang 50kg,62000.0,100,1,Semen,27,1,62000.0,62000.0,2026-04-26,2026-04,2026
10,7,2026-04-26 11:51:31,487000.0,selesai,15,Meteran 5 Meter,35000.0,30,6,Perkakas,26,5,35000.0,175000.0,2026-04-26,2026-04,2026
10,7,2026-04-26 11:51:31,487000.0,selesai,5,Cat Tembok Dulux 5kg,185000.0,35,2,Cat,25,1,185000.0,185000.0,2026-04-26,2026-04,2026
209,7,2026-04-26 13:12:50,170000.0,selesai,8,Besi Beton 10mm,85000.0,150,3,Besi,534,2,85000.0,170000.0,2026-04-26,2026-04,2026
137,5,2026-04-27 08:55:26,1845000.0,selesai,1,Semen Tiga Roda 50kg,65000.0,150,1,Semen,350,10,65000.0,650000.0,2026-04-27,2026-04,2026
137,5,2026-04-27 08:55:26,1845000.0,selesai,11,Pipa PVC 1 Inch,40000.0,80,4,Pipa,353,3,40000.0,120000.0,2026-04-27,2026-04,2026
137,5,2026-04-27 08:55:26,1845000.0,selesai,6,Cat Kayu Avian 1kg,75000.0,40,2,Cat,352,2,75000.0,150000.0,2026-04-27,2026-04,2026
137,5,2026-04-27 08:55:26,1845000.0,selesai,5,Cat Tembok Dulux 5kg,185000.0,35,2,Cat,351,5,185000.0,925000.0,2026-04-27,2026-04,2026
21,6,2026-04-28 13:53:14,130000.0,selesai,1,Semen Tiga Roda 50kg,65000.0,150,1,Semen,54,2,65000.0,130000.0,2026-04-28,2026-04,2026
270,8,2026-04-29 10:12:37,1610000.0,selesai,15,Meteran 5 Meter,35000.0,30,6,Perkakas,683,1,35000.0,35000.0,2026-04-29,2026-04,2026
270,8,2026-04-29 10:12:37,1610000.0,selesai,9,Besi Beton 12mm,120000.0,100,3,Besi,684,2,120000.0,240000.0,2026-04-29,2026-04,2026
270,8,2026-04-29 10:12:37,1610000.0,selesai,4,Cat Tembok Avian 5kg,145000.0,50,2,Cat,681,3,145000.0,435000.0,2026-04-29,2026-04,2026
270,8,2026-04-29 10:12:37,1610000.0,selesai,14,Bor Tangan,450000.0,15,6,Perkakas,682,2,450000.0,900000.0,2026-04-29,2026-04,2026
17,8,2026-04-29 10:47:04,290000.0,selesai,9,Besi Beton 12mm,120000.0,100,3,Besi,43,1,120000.0,120000.0,2026-04-29,2026-04,2026
17,8,2026-04-29 10:47:04,290000.0,selesai,17,Keramik 60x60,95000.0,70,7,Keramik,42,1,95000.0,95000.0,2026-04-29,2026-04,2026
17,8,2026-04-29 10:47:04,290000.0,selesai,10,Pipa PVC 1/2 Inch,25000.0,100,4,Pipa,41,3,25000.0,75000.0,2026-04-29,2026-04,2026
218,6,2026-04-30 10:15:56,2985000.0,selesai,12,Kayu Meranti,85000.0,60,5,Kayu,552,3,85000.0,255000.0,2026-04-30,2026-04,2026
218,6,2026-04-30 10:15:56,2985000.0,selesai,9,Besi Beton 12mm,120000.0,100,3,Besi,553,20,120000.0,2400000.0,2026-04-30,2026-04,2026
218,6,2026-04-30 10:15:56,2985000.0,selesai,8,Besi Beton 10mm,85000.0,150,3,Besi,554,3,85000.0,255000.0,2026-04-30,2026-04,2026
218,6,2026-04-30 10:15:56,2985000.0,selesai,13,Palu Besi,75000.0,25,6,Perkakas,551,1,75000.0,75000.0,2026-04-30,2026-04,2026
154,6,2026-05-01 11:33:25,2020000.0,selesai,14,Bor Tangan,450000.0,15,6,Perkakas,393,1,450000.0,450000.0,2026-05-01,2026-05,2026
154,6,2026-05-01 11:33:25,2020000.0,selesai,15,Meteran 5 Meter,35000.0,30,6,Perkakas,392,2,35000.0,70000.0,2026-05-01,2026-05,2026
154,6,2026-05-01 11:33:25,2020000.0,selesai,4,Cat Tembok Avian 5kg,145000.0,50,2,Cat,394,10,145000.0,1450000.0,2026-05-01,2026-05,2026
154,6,2026-05-01 11:33:25,2020000.0,selesai,10,Pipa PVC 1/2 Inch,25000.0,100,4,Pipa,391,2,25000.0,50000.0,2026-05-01,2026-05,2026
79,7,2026-05-02 12:01:25,490000.0,selesai,5,Cat Tembok Dulux 5kg,185000.0,35,2,Cat,197,2,185000.0,370000.0,2026-05-02,2026-05,2026
79,7,2026-05-02 12:01:25,490000.0,selesai,9,Besi Beton 12mm,120000.0,100,3,Besi,196,1,120000.0,120000.0,2026-05-02,2026-05,2026
35,7,2026-05-02 16:01:36,3385000.0,selesai,17,Keramik 60x60,95000.0,70,7,Keramik,93,20,95000.0,1900000.0,2026-05-02,2026-05,2026
35,7,2026-05-02 16:01:36,3385000.0,selesai,2,Semen Gresik 50kg,63000.0,120,1,Semen,92,20,63000.0,1260000.0,2026-05-02,2026-05,2026
35,7,2026-05-02 16:01:36,3385000.0,selesai,13,Palu Besi,75000.0,25,6,Perkakas,94,3,75000.0,225000.0,2026-05-02,2026-05,2026
29,10,2026-05-04 08:26:46,1044000.0,selesai,5,Cat Tembok Dulux 5kg,185000.0,35,2,Cat,74,3,185000.0,555000.0,2026-05-04,2026-05,2026
29,10,2026-05-04 08:26:46,1044000.0,selesai,12,Kayu Meranti,85000.0,60,5,Kayu,76,2,85000.0,170000.0,2026-05-04,2026-05,2026
29,10,2026-05-04 08:26:46,1044000.0,selesai,1,Semen Tiga Roda 50kg,65000.0,150,1,Semen,75,3,65000.0,195000.0,2026-05-04,2026-05,2026
29,10,2026-05-04 08:26:46,1044000.0,selesai,3,Semen Padang 50kg,62000.0,100,1,Semen,73,2,62000.0,124000.0,2026-05-04,2026-05,2026
65,7,2026-05-04 13:36:32,1050000.0,selesai,10,Pipa PVC 1/2 Inch,25000.0,100,4,Pipa,165,20,25000.0,500000.0,2026-05-04,2026-05,2026
65,7,2026-05-04 13:36:32,1050000.0,selesai,7,Besi Beton 8mm,55000.0,200,3,Besi,166,10,55000.0,550000.0,2026-05-04,2026-05,2026
199,4,2026-05-06 12:55:31,1375000.0,selesai,10,Pipa PVC 1/2 Inch,25000.0,100,4,Pipa,513,3,25000.0,75000.0,2026-05-06,2026-05,2026
199,4,2026-05-06 12:55:31,1375000.0,selesai,2,Semen Gresik 50kg,63000.0,120,1,Semen,512,20,63000.0,1260000.0,2026-05-06,2026-05,2026
199,4,2026-05-06 12:55:31,1375000.0,selesai,11,Pipa PVC 1 Inch,40000.0,80,4,Pipa,514,1,40000.0,40000.0,2026-05-06,2026-05,2026
237,5,2026-05-07 16:39:03,659000.0,selesai,13,Palu Besi,75000.0,25,6,Perkakas,602,2,75000.0,150000.0,2026-05-07,2026-05,2026
237,5,2026-05-07 16:39:03,659000.0,selesai,16,Keramik 40x40,65000.0,100,7,Keramik,600,2,65000.0,130000.0,2026-05-07,2026-05,2026
237,5,2026-05-07 16:39:03,659000.0,selesai,2,Semen Gresik 50kg,63000.0,120,1,Semen,601,3,63000.0,189000.0,2026-05-07,2026-05,2026
237,5,2026-05-07 16:39:03,659000.0,selesai,17,Keramik 60x60,95000.0,70,7,Keramik,603,2,95000.0,190000.0,2026-05-07,2026-05,2026
238,10,2026-05-07 17:13:13,135000.0,selesai,10,Pipa PVC 1/2 Inch,25000.0,100,4,Pipa,604,1,25000.0,25000.0,2026-05-07,2026-05,2026
238,10,2026-05-07 17:13:13,135000.0,selesai,7,Besi Beton 8mm,55000.0,200,3,Besi,605,2,55000.0,110000.0,2026-05-07,2026-05,2026
13,8,2026-05-10 13:10:10,610000.0,selesai,1,Semen Tiga Roda 50kg,65000.0,150,1,Semen,35,1,65000.0,65000.0,2026-05-10,2026-05,2026
13,8,2026-05-10 13:10:10,610000.0,selesai,16,Keramik 40x40,65000.0,100,7,Keramik,34,3,65000.0,195000.0,2026-05-10,2026-05,2026
13,8,2026-05-10 13:10:10,610000.0,selesai,15,Meteran 5 Meter,35000.0,30,6,Perkakas,36,10,35000.0,350000.0,2026-05-10,2026-05,2026
142,3,2026-05-10 17:21:46,634000.0,selesai,2,Semen Gresik 50kg,63000.0,120,1,Semen,362,3,63000.0,189000.0,2026-05-10,2026-05,2026
142,3,2026-05-10 17:21:46,634000.0,selesai,13,Palu Besi,75000.0,25,6,Perkakas,363,3,75000.0,225000.0,2026-05-10,2026-05,2026
142,3,2026-05-10 17:21:46,634000.0,selesai,1,Semen Tiga Roda 50kg,65000.0,150,1,Semen,361,3,65000.0,195000.0,2026-05-10,2026-05,2026
142,3,2026-05-10 17:21:46,634000.0,selesai,10,Pipa PVC 1/2 Inch,25000.0,100,4,Pipa,360,1,25000.0,25000.0,2026-05-10,2026-05,2026
155,10,2026-05-11 11:23:11,715000.0,selesai,7,Besi Beton 8mm,55000.0,200,3,Besi,398,1,55000.0,55000.0,2026-05-11,2026-05,2026
155,10,2026-05-11 11:23:11,715000.0,selesai,1,Semen Tiga Roda 50kg,65000.0,150,1,Semen,396,3,65000.0,195000.0,2026-05-11,2026-05,2026
155,10,2026-05-11 11:23:11,715000.0,selesai,15,Meteran 5 Meter,35000.0,30,6,Perkakas,395,3,35000.0,105000.0,2026-05-11,2026-05,2026
155,10,2026-05-11 11:23:11,715000.0,selesai,9,Besi Beton 12mm,120000.0,100,3,Besi,397,3,120000.0,360000.0,2026-05-11,2026-05,2026
286,8,2026-05-11 14:44:02,2020000.0,selesai,15,Meteran 5 Meter,35000.0,30,6,Perkakas,717,10,35000.0,350000.0,2026-05-11,2026-05,2026
286,8,2026-05-11 14:44:02,2020000.0,selesai,13,Palu Besi,75000.0,25,6,Perkakas,716,20,75000.0,1500000.0,2026-05-11,2026-05,2026
286,8,2026-05-11 14:44:02,2020000.0,selesai,12,Kayu Meranti,85000.0,60,5,Kayu,718,2,85000.0,170000.0,2026-05-11,2026-05,2026
216,3,2026-05-11 17:00:02,291000.0,selesai,3,Semen Padang 50kg,62000.0,100,1,Semen,549,3,62000.0,186000.0,2026-05-11,2026-05,2026
216,3,2026-05-11 17:00:02,291000.0,selesai,15,Meteran 5 Meter,35000.0,30,6,Perkakas,548,3,35000.0,105000.0,2026-05-11,2026-05,2026
211,4,2026-05-12 10:34:52,1500000.0,selesai,6,Cat Kayu Avian 1kg,75000.0,40,2,Cat,537,20,75000.0,1500000.0,2026-05-12,2026-05,2026
264,8,2026-05-14 12:22:36,200000.0,selesai,11,Pipa PVC 1 Inch,40000.0,80,4,Pipa,666,5,40000.0,200000.0,2026-05-14,2026-05,2026
193,3,2026-05-14 12:24:14,305000.0,selesai,7,Besi Beton 8mm,55000.0,200,3,Besi,496,1,55000.0,55000.0,2026-05-14,2026-05,2026
193,3,2026-05-14 12:24:14,305000.0,selesai,12,Kayu Meranti,85000.0,60,5,Kayu,494,2,85000.0,170000.0,2026-05-14,2026-05,2026
193,3,2026-05-14 12:24:14,305000.0,selesai,11,Pipa PVC 1 Inch,40000.0,80,4,Pipa,495,2,40000.0,80000.0,2026-05-14,2026-05,2026
101,6,2026-05-14 13:43:05,685000.0,selesai,2,Semen Gresik 50kg,63000.0,120,1,Semen,255,5,63000.0,315000.0,2026-05-14,2026-05,2026
101,6,2026-05-14 13:43:05,685000.0,selesai,5,Cat Tembok Dulux 5kg,185000.0,35,2,Cat,254,2,185000.0,370000.0,2026-05-14,2026-05,2026
194,2,2026-05-16 09:35:39,1485000.0,selesai,17,Keramik 60x60,95000.0,70,7,Keramik,498,3,95000.0,285000.0,2026-05-16,2026-05,2026
194,2,2026-05-16 09:35:39,1485000.0,selesai,10,Pipa PVC 1/2 Inch,25000.0,100,4,Pipa,500,1,25000.0,25000.0,2026-05-16,2026-05,2026
194,2,2026-05-16 09:35:39,1485000.0,selesai,12,Kayu Meranti,85000.0,60,5,Kayu,497,5,85000.0,425000.0,2026-05-16,2026-05,2026
194,2,2026-05-16 09:35:39,1485000.0,selesai,6,Cat Kayu Avian 1kg,75000.0,40,2,Cat,499,10,75000.0,750000.0,2026-05-16,2026-05,2026
277,8,2026-05-16 11:17:27,1050000.0,selesai,1,Semen Tiga Roda 50kg,65000.0,150,1,Semen,698,1,65000.0,65000.0,2026-05-16,2026-05,2026
277,8,2026-05-16 11:17:27,1050000.0,selesai,6,Cat Kayu Avian 1kg,75000.0,40,2,Cat,699,10,75000.0,750000.0,2026-05-16,2026-05,2026
277,8,2026-05-16 11:17:27,1050000.0,selesai,13,Palu Besi,75000.0,25,6,Perkakas,696,2,75000.0,150000.0,2026-05-16,2026-05,2026
277,8,2026-05-16 11:17:27,1050000.0,selesai,8,Besi Beton 10mm,85000.0,150,3,Besi,697,1,85000.0,85000.0,2026-05-16,2026-05,2026
85,7,2026-05-16 16:16:28,130000.0,selesai,16,Keramik 40x40,65000.0,100,7,Keramik,212,2,65000.0,130000.0,2026-05-16,2026-05,2026
33,10,2026-05-16 17:20:58,208000.0,selesai,2,Semen Gresik 50kg,63000.0,120,1,Semen,87,1,63000.0,63000.0,2026-05-16,2026-05,2026
33,10,2026-05-16 17:20:58,208000.0,selesai,4,Cat Tembok Avian 5kg,145000.0,50,2,Cat,86,1,145000.0,145000.0,2026-05-16,2026-05,2026
87,1,2026-05-17 09:08:03,500000.0,selesai,5,Cat Tembok Dulux 5kg,185000.0,35,2,Cat,218,1,185000.0,185000.0,2026-05-17,2026-05,2026
87,1,2026-05-17 09:08:03,500000.0,selesai,15,Meteran 5 Meter,35000.0,30,6,Perkakas,216,1,35000.0,35000.0,2026-05-17,2026-05,2026
87,1,2026-05-17 09:08:03,500000.0,selesai,11,Pipa PVC 1 Inch,40000.0,80,4,Pipa,215,1,40000.0,40000.0,2026-05-17,2026-05,2026
87,1,2026-05-17 09:08:03,500000.0,selesai,9,Besi Beton 12mm,120000.0,100,3,Besi,217,2,120000.0,240000.0,2026-05-17,2026-05,2026
60,2,2026-05-17 09:26:49,1450000.0,selesai,4,Cat Tembok Avian 5kg,145000.0,50,2,Cat,153,10,145000.0,1450000.0,2026-05-17,2026-05,2026
134,9,2026-05-17 12:34:07,1525000.0,selesai,14,Bor Tangan,450000.0,15,6,Perkakas,342,3,450000.0,1350000.0,2026-05-17,2026-05,2026
134,9,2026-05-17 12:34:07,1525000.0,selesai,12,Kayu Meranti,85000.0,60,5,Kayu,343,1,85000.0,85000.0,2026-05-17,2026-05,2026
134,9,2026-05-17 12:34:07,1525000.0,selesai,15,Meteran 5 Meter,35000.0,30,6,Perkakas,344,1,35000.0,35000.0,2026-05-17,2026-05,2026
134,9,2026-05-17 12:34:07,1525000.0,selesai,7,Besi Beton 8mm,55000.0,200,3,Besi,345,1,55000.0,55000.0,2026-05-17,2026-05,2026
276,8,2026-05-18 08:04:29,150000.0,selesai,13,Palu Besi,75000.0,25,6,Perkakas,695,2,75000.0,150000.0,2026-05-18,2026-05,2026
126,8,2026-05-18 10:45:47,185000.0,selesai,11,Pipa PVC 1 Inch,40000.0,80,4,Pipa,318,1,40000.0,40000.0,2026-05-18,2026-05,2026
126,8,2026-05-18 10:45:47,185000.0,selesai,7,Besi Beton 8mm,55000.0,200,3,Besi,320,2,55000.0,110000.0,2026-05-18,2026-05,2026
126,8,2026-05-18 10:45:47,185000.0,selesai,15,Meteran 5 Meter,35000.0,30,6,Perkakas,319,1,35000.0,35000.0,2026-05-18,2026-05,2026
224,4,2026-05-18 14:19:45,270000.0,selesai,10,Pipa PVC 1/2 Inch,25000.0,100,4,Pipa,567,3,25000.0,75000.0,2026-05-18,2026-05,2026
224,4,2026-05-18 14:19:45,270000.0,selesai,1,Semen Tiga Roda 50kg,65000.0,150,1,Semen,566,3,65000.0,195000.0,2026-05-18,2026-05,2026
80,4,2026-05-18 14:59:34,855000.0,selesai,16,Keramik 40x40,65000.0,100,7,Keramik,198,2,65000.0,130000.0,2026-05-18,2026-05,2026
80,4,2026-05-18 14:59:34,855000.0,selesai,4,Cat Tembok Avian 5kg,145000.0,50,2,Cat,199,5,145000.0,725000.0,2026-05-18,2026-05,2026
48,3,2026-05-18 17:37:28,545000.0,selesai,15,Meteran 5 Meter,35000.0,30,6,Perkakas,126,1,35000.0,35000.0,2026-05-18,2026-05,2026
48,3,2026-05-18 17:37:28,545000.0,selesai,17,Keramik 60x60,95000.0,70,7,Keramik,123,2,95000.0,190000.0,2026-05-18,2026-05,2026
48,3,2026-05-18 17:37:28,545000.0,selesai,8,Besi Beton 10mm,85000.0,150,3,Besi,124,3,85000.0,255000.0,2026-05-18,2026-05,2026
48,3,2026-05-18 17:37:28,545000.0,selesai,16,Keramik 40x40,65000.0,100,7,Keramik,125,1,65000.0,65000.0,2026-05-18,2026-05,2026
280,8,2026-05-19 15:00:00,175000.0,selesai,15,Meteran 5 Meter,35000.0,30,6,Perkakas,708,5,35000.0,175000.0,2026-05-19,2026-05,2026
214,7,2026-05-20 08:27:14,495000.0,selesai,10,Pipa PVC 1/2 Inch,25000.0,100,4,Pipa,543,5,25000.0,125000.0,2026-05-20,2026-05,2026
214,7,2026-05-20 08:27:14,495000.0,selesai,16,Keramik 40x40,65000.0,100,7,Keramik,544,2,65000.0,130000.0,2026-05-20,2026-05,2026
214,7,2026-05-20 08:27:14,495000.0,selesai,9,Besi Beton 12mm,120000.0,100,3,Besi,542,2,120000.0,240000.0,2026-05-20,2026-05,2026
188,5,2026-05-20 12:18:09,555000.0,selesai,5,Cat Tembok Dulux 5kg,185000.0,35,2,Cat,480,3,185000.0,555000.0,2026-05-20,2026-05,2026
207,4,2026-05-20 14:25:04,847000.0,selesai,9,Besi Beton 12mm,120000.0,100,3,Besi,532,5,120000.0,600000.0,2026-05-20,2026-05,2026
207,4,2026-05-20 14:25:04,847000.0,selesai,5,Cat Tembok Dulux 5kg,185000.0,35,2,Cat,530,1,185000.0,185000.0,2026-05-20,2026-05,2026
207,4,2026-05-20 14:25:04,847000.0,selesai,3,Semen Padang 50kg,62000.0,100,1,Semen,531,1,62000.0,62000.0,2026-05-20,2026-05,2026
108,1,2026-05-20 15:14:58,1375000.0,selesai,16,Keramik 40x40,65000.0,100,7,Keramik,268,20,65000.0,1300000.0,2026-05-20,2026-05,2026
108,1,2026-05-20 15:14:58,1375000.0,selesai,13,Palu Besi,75000.0,25,6,Perkakas,269,1,75000.0,75000.0,2026-05-20,2026-05,2026
93,8,2026-05-21 14:11:02,5350000.0,selesai,8,Besi Beton 10mm,85000.0,150,3,Besi,235,10,85000.0,850000.0,2026-05-21,2026-05,2026
93,8,2026-05-21 14:11:02,5350000.0,selesai,14,Bor Tangan,450000.0,15,6,Perkakas,234,10,450000.0,4500000.0,2026-05-21,2026-05,2026
170,2,2026-05-22 12:50:07,936000.0,selesai,2,Semen Gresik 50kg,63000.0,120,1,Semen,438,5,63000.0,315000.0,2026-05-22,2026-05,2026
170,2,2026-05-22 12:50:07,936000.0,selesai,4,Cat Tembok Avian 5kg,145000.0,50,2,Cat,437,3,145000.0,435000.0,2026-05-22,2026-05,2026
170,2,2026-05-22 12:50:07,936000.0,selesai,3,Semen Padang 50kg,62000.0,100,1,Semen,436,3,62000.0,186000.0,2026-05-22,2026-05,2026
53,4,2026-05-23 15:35:04,987000.0,selesai,14,Bor Tangan,450000.0,15,6,Perkakas,137,1,450000.0,450000.0,2026-05-23,2026-05,2026
53,4,2026-05-23 15:35:04,987000.0,selesai,17,Keramik 60x60,95000.0,70,7,Keramik,138,5,95000.0,475000.0,2026-05-23,2026-05,2026
53,4,2026-05-23 15:35:04,987000.0,selesai,3,Semen Padang 50kg,62000.0,100,1,Semen,136,1,62000.0,62000.0,2026-05-23,2026-05,2026
114,3,2026-05-25 08:51:31,1480000.0,selesai,1,Semen Tiga Roda 50kg,65000.0,150,1,Semen,286,1,65000.0,65000.0,2026-05-25,2026-05,2026
114,3,2026-05-25 08:51:31,1480000.0,selesai,5,Cat Tembok Dulux 5kg,185000.0,35,2,Cat,287,3,185000.0,555000.0,2026-05-25,2026-05,2026
114,3,2026-05-25 08:51:31,1480000.0,selesai,4,Cat Tembok Avian 5kg,145000.0,50,2,Cat,284,3,145000.0,435000.0,2026-05-25,2026-05,2026
114,3,2026-05-25 08:51:31,1480000.0,selesai,12,Kayu Meranti,85000.0,60,5,Kayu,285,5,85000.0,425000.0,2026-05-25,2026-05,2026
66,7,2026-05-25 14:17:39,595000.0,selesai,11,Pipa PVC 1 Inch,40000.0,80,4,Pipa,168,1,40000.0,40000.0,2026-05-25,2026-05,2026
66,7,2026-05-25 14:17:39,595000.0,selesai,5,Cat Tembok Dulux 5kg,185000.0,35,2,Cat,167,3,185000.0,555000.0,2026-05-25,2026-05,2026
7,3,2026-05-26 12:10:42,120000.0,selesai,9,Besi Beton 12mm,120000.0,100,3,Besi,16,1,120000.0,120000.0,2026-05-26,2026-05,2026
290,10,2026-05-27 11:26:04,190000.0,selesai,17,Keramik 60x60,95000.0,70,7,Keramik,724,2,95000.0,190000.0,2026-05-27,2026-05,2026
99,10,2026-05-27 13:15:24,1725000.0,selesai,16,Keramik 40x40,65000.0,100,7,Keramik,249,20,65000.0,1300000.0,2026-05-27,2026-05,2026
99,10,2026-05-27 13:15:24,1725000.0,selesai,12,Kayu Meranti,85000.0,60,5,Kayu,248,5,85000.0,425000.0,2026-05-27,2026-05,2026
89,3,2026-05-27 16:48:10,700000.0,selesai,14,Bor Tangan,450000.0,15,6,Perkakas,220,1,450000.0,450000.0,2026-05-27,2026-05,2026
89,3,2026-05-27 16:48:10,700000.0,selesai,2,Semen Gresik 50kg,63000.0,120,1,Semen,221,2,63000.0,126000.0,2026-05-27,2026-05,2026
89,3,2026-05-27 16:48:10,700000.0,selesai,3,Semen Padang 50kg,62000.0,100,1,Semen,222,2,62000.0,124000.0,2026-05-27,2026-05,2026
236,3,2026-05-27 17:39:23,370000.0,selesai,4,Cat Tembok Avian 5kg,145000.0,50,2,Cat,599,1,145000.0,145000.0,2026-05-27,2026-05,2026
236,3,2026-05-27 17:39:23,370000.0,selesai,13,Palu Besi,75000.0,25,6,Perkakas,598,3,75000.0,225000.0,2026-05-27,2026-05,2026
51,3,2026-05-28 10:45:13,735000.0,selesai,1,Semen Tiga Roda 50kg,65000.0,150,1,Semen,132,10,65000.0,650000.0,2026-05-28,2026-05,2026
51,3,2026-05-28 10:45:13,735000.0,selesai,8,Besi Beton 10mm,85000.0,150,3,Besi,131,1,85000.0,85000.0,2026-05-28,2026-05,2026
230,1,2026-05-28 13:56:54,662000.0,selesai,9,Besi Beton 12mm,120000.0,100,3,Besi,583,5,120000.0,600000.0,2026-05-28,2026-05,2026
230,1,2026-05-28 13:56:54,662000.0,selesai,3,Semen Padang 50kg,62000.0,100,1,Semen,582,1,62000.0,62000.0,2026-05-28,2026-05,2026
122,10,2026-05-29 16:33:34,620000.0,selesai,4,Cat Tembok Avian 5kg,145000.0,50,2,Cat,309,2,145000.0,290000.0,2026-05-29,2026-05,2026
122,10,2026-05-29 16:33:34,620000.0,selesai,11,Pipa PVC 1 Inch,40000.0,80,4,Pipa,308,1,40000.0,40000.0,2026-05-29,2026-05,2026
122,10,2026-05-29 16:33:34,620000.0,selesai,16,Keramik 40x40,65000.0,100,7,Keramik,306,1,65000.0,65000.0,2026-05-29,2026-05,2026
122,10,2026-05-29 16:33:34,620000.0,selesai,6,Cat Kayu Avian 1kg,75000.0,40,2,Cat,307,3,75000.0,225000.0,2026-05-29,2026-05,2026
195,6,2026-05-29 16:46:40,1350000.0,selesai,14,Bor Tangan,450000.0,15,6,Perkakas,501,3,450000.0,1350000.0,2026-05-29,2026-05,2026
176,6,2026-05-30 15:01:09,4700000.0,selesai,1,Semen Tiga Roda 50kg,65000.0,150,1,Semen,454,2,65000.0,130000.0,2026-05-30,2026-05,2026
176,6,2026-05-30 15:01:09,4700000.0,selesai,14,Bor Tangan,450000.0,15,6,Perkakas,455,10,450000.0,4500000.0,2026-05-30,2026-05,2026
176,6,2026-05-30 15:01:09,4700000.0,selesai,15,Meteran 5 Meter,35000.0,30,6,Perkakas,453,2,35000.0,70000.0,2026-05-30,2026-05,2026
72,1,2026-05-30 15:24:15,475000.0,selesai,17,Keramik 60x60,95000.0,70,7,Keramik,180,5,95000.0,475000.0,2026-05-30,2026-05,2026
125,2,2026-05-30 17:10:03,120000.0,selesai,9,Besi Beton 12mm,120000.0,100,3,Besi,317,1,120000.0,120000.0,2026-05-30,2026-05,2026
15,8,2026-05-31 11:09:04,120000.0,selesai,11,Pipa PVC 1 Inch,40000.0,80,4,Pipa,38,3,40000.0,120000.0,2026-05-31,2026-05,2026
6,10,2026-05-31 11:41:12,1801000.0,selesai,16,Keramik 40x40,65000.0,100,7,Keramik,14,20,65000.0,1300000.0,2026-05-31,2026-05,2026
6,10,2026-05-31 11:41:12,1801000.0,selesai,2,Semen Gresik 50kg,63000.0,120,1,Semen,15,2,63000.0,126000.0,2026-05-31,2026-05,2026
6,10,2026-05-31 11:41:12,1801000.0,selesai,6,Cat Kayu Avian 1kg,75000.0,40,2,Cat,13,5,75000.0,375000.0,2026-05-31,2026-05,2026
30,5,2026-05-31 12:07:49,3205000.0,selesai,9,Besi Beton 12mm,120000.0,100,3,Besi,80,10,120000.0,1200000.0,2026-05-31,2026-05,2026
30,5,2026-05-31 12:07:49,3205000.0,selesai,17,Keramik 60x60,95000.0,70,7,Keramik,79,20,95000.0,1900000.0,2026-05-31,2026-05,2026
30,5,2026-05-31 12:07:49,3205000.0,selesai,11,Pipa PVC 1 Inch,40000.0,80,4,Pipa,78,1,40000.0,40000.0,2026-05-31,2026-05,2026
30,5,2026-05-31 12:07:49,3205000.0,selesai,1,Semen Tiga Roda 50kg,65000.0,150,1,Semen,77,1,65000.0,65000.0,2026-05-31,2026-05,2026
191,3,2026-05-31 17:23:02,725000.0,selesai,5,Cat Tembok Dulux 5kg,185000.0,35,2,Cat,488,1,185000.0,185000.0,2026-05-31,2026-05,2026
191,3,2026-05-31 17:23:02,725000.0,selesai,12,Kayu Meranti,85000.0,60,5,Kayu,489,1,85000.0,85000.0,2026-05-31,2026-05,2026
191,3,2026-05-31 17:23:02,725000.0,selesai,16,Keramik 40x40,65000.0,100,7,Keramik,487,5,65000.0,325000.0,2026-05-31,2026-05,2026
191,3,2026-05-31 17:23:02,725000.0,selesai,1,Semen Tiga Roda 50kg,65000.0,150,1,Semen,490,2,65000.0,130000.0,2026-05-31,2026-05,2026
223,4,2026-06-01 14:13:38,895000.0,selesai,8,Besi Beton 10mm,85000.0,150,3,Besi,565,3,85000.0,255000.0,2026-06-01,2026-06,2026
223,4,2026-06-01 14:13:38,895000.0,selesai,7,Besi Beton 8mm,55000.0,200,3,Besi,563,3,55000.0,165000.0,2026-06-01,2026-06,2026
223,4,2026-06-01 14:13:38,895000.0,selesai,17,Keramik 60x60,95000.0,70,7,Keramik,564,5,95000.0,475000.0,2026-06-01,2026-06,2026
103,4,2026-06-02 10:54:52,310000.0,selesai,3,Semen Padang 50kg,62000.0,100,1,Semen,259,5,62000.0,310000.0,2026-06-02,2026-06,2026
16,1,2026-06-02 12:15:30,2475000.0,selesai,13,Palu Besi,75000.0,25,6,Perkakas,39,1,75000.0,75000.0,2026-06-02,2026-06,2026
16,1,2026-06-02 12:15:30,2475000.0,selesai,9,Besi Beton 12mm,120000.0,100,3,Besi,40,20,120000.0,2400000.0,2026-06-02,2026-06,2026
289,9,2026-06-02 16:05:01,900000.0,selesai,14,Bor Tangan,450000.0,15,6,Perkakas,723,2,450000.0,900000.0,2026-06-02,2026-06,2026
294,2,2026-06-02 16:27:31,2055000.0,selesai,13,Palu Besi,75000.0,25,6,Perkakas,732,2,75000.0,150000.0,2026-06-02,2026-06,2026
294,2,2026-06-02 16:27:31,2055000.0,selesai,5,Cat Tembok Dulux 5kg,185000.0,35,2,Cat,733,10,185000.0,1850000.0,2026-06-02,2026-06,2026
294,2,2026-06-02 16:27:31,2055000.0,selesai,7,Besi Beton 8mm,55000.0,200,3,Besi,731,1,55000.0,55000.0,2026-06-02,2026-06,2026
215,4,2026-06-03 12:49:33,246000.0,selesai,3,Semen Padang 50kg,62000.0,100,1,Semen,545,3,62000.0,186000.0,2026-06-03,2026-06,2026
215,4,2026-06-03 12:49:33,246000.0,selesai,10,Pipa PVC 1/2 Inch,25000.0,100,4,Pipa,546,1,25000.0,25000.0,2026-06-03,2026-06,2026
215,4,2026-06-03 12:49:33,246000.0,selesai,15,Meteran 5 Meter,35000.0,30,6,Perkakas,547,1,35000.0,35000.0,2026-06-03,2026-06,2026
247,9,2026-06-03 13:15:38,950000.0,selesai,17,Keramik 60x60,95000.0,70,7,Keramik,626,10,95000.0,950000.0,2026-06-03,2026-06,2026
81,5,2026-06-04 13:12:31,820000.0,selesai,16,Keramik 40x40,65000.0,100,7,Keramik,202,2,65000.0,130000.0,2026-06-04,2026-06,2026
81,5,2026-06-04 13:12:31,820000.0,selesai,11,Pipa PVC 1 Inch,40000.0,80,4,Pipa,200,1,40000.0,40000.0,2026-06-04,2026-06,2026
81,5,2026-06-04 13:12:31,820000.0,selesai,5,Cat Tembok Dulux 5kg,185000.0,35,2,Cat,201,3,185000.0,555000.0,2026-06-04,2026-06,2026
81,5,2026-06-04 13:12:31,820000.0,selesai,17,Keramik 60x60,95000.0,70,7,Keramik,203,1,95000.0,95000.0,2026-06-04,2026-06,2026
130,8,2026-06-04 14:57:35,1125000.0,selesai,6,Cat Kayu Avian 1kg,75000.0,40,2,Cat,331,2,75000.0,150000.0,2026-06-04,2026-06,2026
130,8,2026-06-04 14:57:35,1125000.0,selesai,5,Cat Tembok Dulux 5kg,185000.0,35,2,Cat,333,2,185000.0,370000.0,2026-06-04,2026-06,2026
130,8,2026-06-04 14:57:35,1125000.0,selesai,17,Keramik 60x60,95000.0,70,7,Keramik,332,5,95000.0,475000.0,2026-06-04,2026-06,2026
130,8,2026-06-04 14:57:35,1125000.0,selesai,16,Keramik 40x40,65000.0,100,7,Keramik,330,2,65000.0,130000.0,2026-06-04,2026-06,2026
239,8,2026-06-04 17:10:54,475000.0,selesai,17,Keramik 60x60,95000.0,70,7,Keramik,606,5,95000.0,475000.0,2026-06-04,2026-06,2026
143,4,2026-06-06 08:16:36,345000.0,selesai,16,Keramik 40x40,65000.0,100,7,Keramik,364,3,65000.0,195000.0,2026-06-06,2026-06,2026
143,4,2026-06-06 08:16:36,345000.0,selesai,13,Palu Besi,75000.0,25,6,Perkakas,365,2,75000.0,150000.0,2026-06-06,2026-06,2026
225,7,2026-06-06 16:49:33,774000.0,selesai,5,Cat Tembok Dulux 5kg,185000.0,35,2,Cat,570,3,185000.0,555000.0,2026-06-06,2026-06,2026
225,7,2026-06-06 16:49:33,774000.0,selesai,3,Semen Padang 50kg,62000.0,100,1,Semen,569,2,62000.0,124000.0,2026-06-06,2026-06,2026
225,7,2026-06-06 16:49:33,774000.0,selesai,17,Keramik 60x60,95000.0,70,7,Keramik,568,1,95000.0,95000.0,2026-06-06,2026-06,2026
187,3,2026-06-06 17:21:02,2125000.0,selesai,13,Palu Besi,75000.0,25,6,Perkakas,478,20,75000.0,1500000.0,2026-06-06,2026-06,2026
187,3,2026-06-06 17:21:02,2125000.0,selesai,7,Besi Beton 8mm,55000.0,200,3,Besi,477,1,55000.0,55000.0,2026-06-06,2026-06,2026
187,3,2026-06-06 17:21:02,2125000.0,selesai,10,Pipa PVC 1/2 Inch,25000.0,100,4,Pipa,476,20,25000.0,500000.0,2026-06-06,2026-06,2026
187,3,2026-06-06 17:21:02,2125000.0,selesai,15,Meteran 5 Meter,35000.0,30,6,Perkakas,479,2,35000.0,70000.0,2026-06-06,2026-06,2026
83,10,2026-06-07 11:35:48,1990000.0,selesai,15,Meteran 5 Meter,35000.0,30,6,Perkakas,207,2,35000.0,70000.0,2026-06-07,2026-06,2026
83,10,2026-06-07 11:35:48,1990000.0,selesai,8,Besi Beton 10mm,85000.0,150,3,Besi,205,10,85000.0,850000.0,2026-06-07,2026-06,2026
83,10,2026-06-07 11:35:48,1990000.0,selesai,12,Kayu Meranti,85000.0,60,5,Kayu,206,2,85000.0,170000.0,2026-06-07,2026-06,2026
83,10,2026-06-07 11:35:48,1990000.0,selesai,14,Bor Tangan,450000.0,15,6,Perkakas,208,2,450000.0,900000.0,2026-06-07,2026-06,2026
3,7,2026-06-07 17:37:07,1085000.0,selesai,15,Meteran 5 Meter,35000.0,30,6,Perkakas,6,1,35000.0,35000.0,2026-06-07,2026-06,2026
3,7,2026-06-07 17:37:07,1085000.0,selesai,8,Besi Beton 10mm,85000.0,150,3,Besi,5,10,85000.0,850000.0,2026-06-07,2026-06,2026
3,7,2026-06-07 17:37:07,1085000.0,selesai,11,Pipa PVC 1 Inch,40000.0,80,4,Pipa,7,5,40000.0,200000.0,2026-06-07,2026-06,2026
149,9,2026-06-08 12:56:02,2106000.0,selesai,2,Semen Gresik 50kg,63000.0,120,1,Semen,383,2,63000.0,126000.0,2026-06-08,2026-06,2026
149,9,2026-06-08 12:56:02,2106000.0,selesai,4,Cat Tembok Avian 5kg,145000.0,50,2,Cat,384,10,145000.0,1450000.0,2026-06-08,2026-06,2026
149,9,2026-06-08 12:56:02,2106000.0,selesai,12,Kayu Meranti,85000.0,60,5,Kayu,382,2,85000.0,170000.0,2026-06-08,2026-06,2026
149,9,2026-06-08 12:56:02,2106000.0,selesai,9,Besi Beton 12mm,120000.0,100,3,Besi,381,3,120000.0,360000.0,2026-06-08,2026-06,2026
31,9,2026-06-09 08:54:04,40000.0,selesai,11,Pipa PVC 1 Inch,40000.0,80,4,Pipa,81,1,40000.0,40000.0,2026-06-09,2026-06,2026
246,8,2026-06-09 11:49:12,380000.0,selesai,16,Keramik 40x40,65000.0,100,7,Keramik,622,1,65000.0,65000.0,2026-06-09,2026-06,2026
246,8,2026-06-09 11:49:12,380000.0,selesai,10,Pipa PVC 1/2 Inch,25000.0,100,4,Pipa,624,1,25000.0,25000.0,2026-06-09,2026-06,2026
246,8,2026-06-09 11:49:12,380000.0,selesai,9,Besi Beton 12mm,120000.0,100,3,Besi,623,1,120000.0,120000.0,2026-06-09,2026-06,2026
246,8,2026-06-09 11:49:12,380000.0,selesai,8,Besi Beton 10mm,85000.0,150,3,Besi,625,2,85000.0,170000.0,2026-06-09,2026-06,2026
43,3,2026-06-09 14:58:30,730000.0,selesai,5,Cat Tembok Dulux 5kg,185000.0,35,2,Cat,111,2,185000.0,370000.0,2026-06-09,2026-06,2026
43,3,2026-06-09 14:58:30,730000.0,selesai,12,Kayu Meranti,85000.0,60,5,Kayu,112,3,85000.0,255000.0,2026-06-09,2026-06,2026
43,3,2026-06-09 14:58:30,730000.0,selesai,15,Meteran 5 Meter,35000.0,30,6,Perkakas,113,3,35000.0,105000.0,2026-06-09,2026-06,2026
44,3,2026-06-10 17:53:28,680000.0,selesai,6,Cat Kayu Avian 1kg,75000.0,40,2,Cat,114,2,75000.0,150000.0,2026-06-10,2026-06,2026
44,3,2026-06-10 17:53:28,680000.0,selesai,11,Pipa PVC 1 Inch,40000.0,80,4,Pipa,116,10,40000.0,400000.0,2026-06-10,2026-06,2026
44,3,2026-06-10 17:53:28,680000.0,selesai,1,Semen Tiga Roda 50kg,65000.0,150,1,Semen,115,2,65000.0,130000.0,2026-06-10,2026-06,2026
113,3,2026-06-13 08:45:40,1085000.0,selesai,2,Semen Gresik 50kg,63000.0,120,1,Semen,281,10,63000.0,630000.0,2026-06-13,2026-06,2026
113,3,2026-06-13 08:45:40,1085000.0,selesai,1,Semen Tiga Roda 50kg,65000.0,150,1,Semen,282,2,65000.0,130000.0,2026-06-13,2026-06,2026
113,3,2026-06-13 08:45:40,1085000.0,selesai,16,Keramik 40x40,65000.0,100,7,Keramik,283,5,65000.0,325000.0,2026-06-13,2026-06,2026
46,4,2026-06-13 17:41:42,325000.0,selesai,1,Semen Tiga Roda 50kg,65000.0,150,1,Semen,121,1,65000.0,65000.0,2026-06-13,2026-06,2026
46,4,2026-06-13 17:41:42,325000.0,selesai,6,Cat Kayu Avian 1kg,75000.0,40,2,Cat,119,3,75000.0,225000.0,2026-06-13,2026-06,2026
46,4,2026-06-13 17:41:42,325000.0,selesai,15,Meteran 5 Meter,35000.0,30,6,Perkakas,120,1,35000.0,35000.0,2026-06-13,2026-06,2026
28,8,2026-06-14 15:30:26,1200000.0,selesai,9,Besi Beton 12mm,120000.0,100,3,Besi,72,10,120000.0,1200000.0,2026-06-14,2026-06,2026
96,10,2026-06-15 10:13:39,35000.0,selesai,15,Meteran 5 Meter,35000.0,30,6,Perkakas,241,1,35000.0,35000.0,2026-06-15,2026-06,2026
291,5,2026-06-16 14:02:04,185000.0,selesai,5,Cat Tembok Dulux 5kg,185000.0,35,2,Cat,725,1,185000.0,185000.0,2026-06-16,2026-06,2026
27,4,2026-06-17 11:22:09,2430000.0,selesai,14,Bor Tangan,450000.0,15,6,Perkakas,68,5,450000.0,2250000.0,2026-06-17,2026-06,2026
27,4,2026-06-17 11:22:09,2430000.0,selesai,1,Semen Tiga Roda 50kg,65000.0,150,1,Semen,71,1,65000.0,65000.0,2026-06-17,2026-06,2026
27,4,2026-06-17 11:22:09,2430000.0,selesai,11,Pipa PVC 1 Inch,40000.0,80,4,Pipa,70,1,40000.0,40000.0,2026-06-17,2026-06,2026
27,4,2026-06-17 11:22:09,2430000.0,selesai,10,Pipa PVC 1/2 Inch,25000.0,100,4,Pipa,69,3,25000.0,75000.0,2026-06-17,2026-06,2026
92,6,2026-06-17 13:33:44,730000.0,selesai,12,Kayu Meranti,85000.0,60,5,Kayu,230,2,85000.0,170000.0,2026-06-17,2026-06,2026
92,6,2026-06-17 13:33:44,730000.0,selesai,7,Besi Beton 8mm,55000.0,200,3,Besi,232,2,55000.0,110000.0,2026-06-17,2026-06,2026
92,6,2026-06-17 13:33:44,730000.0,selesai,11,Pipa PVC 1 Inch,40000.0,80,4,Pipa,233,2,40000.0,80000.0,2026-06-17,2026-06,2026
92,6,2026-06-17 13:33:44,730000.0,selesai,5,Cat Tembok Dulux 5kg,185000.0,35,2,Cat,231,2,185000.0,370000.0,2026-06-17,2026-06,2026
219,5,2026-06-17 13:54:43,1500000.0,selesai,13,Palu Besi,75000.0,25,6,Perkakas,555,20,75000.0,1500000.0,2026-06-17,2026-06,2026
201,1,2026-06-17 13:55:18,460000.0,selesai,8,Besi Beton 10mm,85000.0,150,3,Besi,518,2,85000.0,170000.0,2026-06-17,2026-06,2026
201,1,2026-06-17 13:55:18,460000.0,selesai,4,Cat Tembok Avian 5kg,145000.0,50,2,Cat,517,2,145000.0,290000.0,2026-06-17,2026-06,2026
50,9,2026-06-17 17:56:12,90000.0,selesai,11,Pipa PVC 1 Inch,40000.0,80,4,Pipa,130,1,40000.0,40000.0,2026-06-17,2026-06,2026
50,9,2026-06-17 17:56:12,90000.0,selesai,10,Pipa PVC 1/2 Inch,25000.0,100,4,Pipa,129,2,25000.0,50000.0,2026-06-17,2026-06,2026
249,5,2026-06-19 08:13:44,25000.0,selesai,10,Pipa PVC 1/2 Inch,25000.0,100,4,Pipa,629,1,25000.0,25000.0,2026-06-19,2026-06,2026
97,3,2026-06-19 09:33:40,2544000.0,selesai,3,Semen Padang 50kg,62000.0,100,1,Semen,243,2,62000.0,124000.0,2026-06-19,2026-06,2026
97,3,2026-06-19 09:33:40,2544000.0,selesai,12,Kayu Meranti,85000.0,60,5,Kayu,244,2,85000.0,170000.0,2026-06-19,2026-06,2026
97,3,2026-06-19 09:33:40,2544000.0,selesai,14,Bor Tangan,450000.0,15,6,Perkakas,242,5,450000.0,2250000.0,2026-06-19,2026-06,2026
206,3,2026-06-19 16:12:50,165000.0,selesai,7,Besi Beton 8mm,55000.0,200,3,Besi,529,3,55000.0,165000.0,2026-06-19,2026-06,2026
220,3,2026-06-19 16:42:34,2175000.0,selesai,5,Cat Tembok Dulux 5kg,185000.0,35,2,Cat,558,2,185000.0,370000.0,2026-06-19,2026-06,2026
220,3,2026-06-19 16:42:34,2175000.0,selesai,4,Cat Tembok Avian 5kg,145000.0,50,2,Cat,559,10,145000.0,1450000.0,2026-06-19,2026-06,2026
220,3,2026-06-19 16:42:34,2175000.0,selesai,13,Palu Besi,75000.0,25,6,Perkakas,556,3,75000.0,225000.0,2026-06-19,2026-06,2026
220,3,2026-06-19 16:42:34,2175000.0,selesai,1,Semen Tiga Roda 50kg,65000.0,150,1,Semen,557,2,65000.0,130000.0,2026-06-19,2026-06,2026
129,2,2026-06-19 17:35:02,735000.0,selesai,5,Cat Tembok Dulux 5kg,185000.0,35,2,Cat,329,3,185000.0,555000.0,2026-06-19,2026-06,2026
129,2,2026-06-19 17:35:02,735000.0,selesai,1,Semen Tiga Roda 50kg,65000.0,150,1,Semen,328,2,65000.0,130000.0,2026-06-19,2026-06,2026
129,2,2026-06-19 17:35:02,735000.0,selesai,10,Pipa PVC 1/2 Inch,25000.0,100,4,Pipa,327,2,25000.0,50000.0,2026-06-19,2026-06,2026
157,6,2026-06-20 16:59:19,2489000.0,selesai,6,Cat Kayu Avian 1kg,75000.0,40,2,Cat,401,3,75000.0,225000.0,2026-06-20,2026-06,2026
157,6,2026-06-20 16:59:19,2489000.0,selesai,13,Palu Besi,75000.0,25,6,Perkakas,404,5,75000.0,375000.0,2026-06-20,2026-06,2026
157,6,2026-06-20 16:59:19,2489000.0,selesai,8,Besi Beton 10mm,85000.0,150,3,Besi,403,20,85000.0,1700000.0,2026-06-20,2026-06,2026
157,6,2026-06-20 16:59:19,2489000.0,selesai,2,Semen Gresik 50kg,63000.0,120,1,Semen,402,3,63000.0,189000.0,2026-06-20,2026-06,2026
261,8,2026-06-21 12:06:44,186000.0,selesai,3,Semen Padang 50kg,62000.0,100,1,Semen,658,3,62000.0,186000.0,2026-06-21,2026-06,2026
91,9,2026-06-22 13:48:17,1585000.0,selesai,4,Cat Tembok Avian 5kg,145000.0,50,2,Cat,226,5,145000.0,725000.0,2026-06-22,2026-06,2026
91,9,2026-06-22 13:48:17,1585000.0,selesai,6,Cat Kayu Avian 1kg,75000.0,40,2,Cat,227,3,75000.0,225000.0,2026-06-22,2026-06,2026
91,9,2026-06-22 13:48:17,1585000.0,selesai,16,Keramik 40x40,65000.0,100,7,Keramik,229,5,65000.0,325000.0,2026-06-22,2026-06,2026
91,9,2026-06-22 13:48:17,1585000.0,selesai,3,Semen Padang 50kg,62000.0,100,1,Semen,228,5,62000.0,310000.0,2026-06-22,2026-06,2026
112,3,2026-06-22 16:47:33,2785000.0,selesai,5,Cat Tembok Dulux 5kg,185000.0,35,2,Cat,280,5,185000.0,925000.0,2026-06-22,2026-06,2026
112,3,2026-06-22 16:47:33,2785000.0,selesai,9,Besi Beton 12mm,120000.0,100,3,Besi,279,3,120000.0,360000.0,2026-06-22,2026-06,2026
112,3,2026-06-22 16:47:33,2785000.0,selesai,6,Cat Kayu Avian 1kg,75000.0,40,2,Cat,278,20,75000.0,1500000.0,2026-06-22,2026-06,2026
205,8,2026-06-22 17:23:37,1140000.0,selesai,9,Besi Beton 12mm,120000.0,100,3,Besi,528,2,120000.0,240000.0,2026-06-22,2026-06,2026
205,8,2026-06-22 17:23:37,1140000.0,selesai,14,Bor Tangan,450000.0,15,6,Perkakas,527,2,450000.0,900000.0,2026-06-22,2026-06,2026
234,5,2026-06-23 08:14:48,918000.0,selesai,1,Semen Tiga Roda 50kg,65000.0,150,1,Semen,595,10,65000.0,650000.0,2026-06-23,2026-06,2026
234,5,2026-06-23 08:14:48,918000.0,selesai,9,Besi Beton 12mm,120000.0,100,3,Besi,593,1,120000.0,120000.0,2026-06-23,2026-06,2026
234,5,2026-06-23 08:14:48,918000.0,selesai,8,Besi Beton 10mm,85000.0,150,3,Besi,594,1,85000.0,85000.0,2026-06-23,2026-06,2026
234,5,2026-06-23 08:14:48,918000.0,selesai,2,Semen Gresik 50kg,63000.0,120,1,Semen,592,1,63000.0,63000.0,2026-06-23,2026-06,2026
156,8,2026-06-23 10:01:27,245000.0,selesai,10,Pipa PVC 1/2 Inch,25000.0,100,4,Pipa,400,5,25000.0,125000.0,2026-06-23,2026-06,2026
156,8,2026-06-23 10:01:27,245000.0,selesai,11,Pipa PVC 1 Inch,40000.0,80,4,Pipa,399,3,40000.0,120000.0,2026-06-23,2026-06,2026
131,1,2026-06-23 12:09:15,155000.0,selesai,15,Meteran 5 Meter,35000.0,30,6,Perkakas,335,1,35000.0,35000.0,2026-06-23,2026-06,2026
131,1,2026-06-23 12:09:15,155000.0,selesai,11,Pipa PVC 1 Inch,40000.0,80,4,Pipa,334,3,40000.0,120000.0,2026-06-23,2026-06,2026
159,4,2026-06-25 08:20:21,800000.0,selesai,9,Besi Beton 12mm,120000.0,100,3,Besi,410,3,120000.0,360000.0,2026-06-25,2026-06,2026
159,4,2026-06-25 08:20:21,800000.0,selesai,13,Palu Besi,75000.0,25,6,Perkakas,409,5,75000.0,375000.0,2026-06-25,2026-06,2026
159,4,2026-06-25 08:20:21,800000.0,selesai,1,Semen Tiga Roda 50kg,65000.0,150,1,Semen,408,1,65000.0,65000.0,2026-06-25,2026-06,2026
262,3,2026-06-25 10:35:03,5220000.0,selesai,4,Cat Tembok Avian 5kg,145000.0,50,2,Cat,659,3,145000.0,435000.0,2026-06-25,2026-06,2026
262,3,2026-06-25 10:35:03,5220000.0,selesai,14,Bor Tangan,450000.0,15,6,Perkakas,660,10,450000.0,4500000.0,2026-06-25,2026-06,2026
262,3,2026-06-25 10:35:03,5220000.0,selesai,17,Keramik 60x60,95000.0,70,7,Keramik,661,3,95000.0,285000.0,2026-06-25,2026-06,2026
292,8,2026-06-25 17:35:38,75000.0,selesai,10,Pipa PVC 1/2 Inch,25000.0,100,4,Pipa,726,3,25000.0,75000.0,2026-06-25,2026-06,2026
282,10,2026-06-26 08:20:46,325000.0,selesai,16,Keramik 40x40,65000.0,100,7,Keramik,710,5,65000.0,325000.0,2026-06-26,2026-06,2026
11,7,2026-06-26 14:19:19,1460000.0,selesai,17,Keramik 60x60,95000.0,70,7,Keramik,29,3,95000.0,285000.0,2026-06-26,2026-06,2026
11,7,2026-06-26 14:19:19,1460000.0,selesai,8,Besi Beton 10mm,85000.0,150,3,Besi,30,5,85000.0,425000.0,2026-06-26,2026-06,2026
11,7,2026-06-26 14:19:19,1460000.0,selesai,6,Cat Kayu Avian 1kg,75000.0,40,2,Cat,31,10,75000.0,750000.0,2026-06-26,2026-06,2026
77,7,2026-06-27 13:55:53,62000.0,selesai,3,Semen Padang 50kg,62000.0,100,1,Semen,191,1,62000.0,62000.0,2026-06-27,2026-06,2026
75,6,2026-06-29 08:20:20,240000.0,selesai,16,Keramik 40x40,65000.0,100,7,Keramik,189,1,65000.0,65000.0,2026-06-29,2026-06,2026
75,6,2026-06-29 08:20:20,240000.0,selesai,15,Meteran 5 Meter,35000.0,30,6,Perkakas,188,5,35000.0,175000.0,2026-06-29,2026-06,2026
298,5,2026-06-29 12:30:06,186000.0,selesai,3,Semen Padang 50kg,62000.0,100,1,Semen,738,3,62000.0,186000.0,2026-06-29,2026-06,2026
100,7,2026-06-30 08:50:17,1325000.0,selesai,11,Pipa PVC 1 Inch,40000.0,80,4,Pipa,252,3,40000.0,120000.0,2026-06-30,2026-06,2026
100,7,2026-06-30 08:50:17,1325000.0,selesai,9,Besi Beton 12mm,120000.0,100,3,Besi,251,1,120000.0,120000.0,2026-06-30,2026-06,2026
100,7,2026-06-30 08:50:17,1325000.0,selesai,5,Cat Tembok Dulux 5kg,185000.0,35,2,Cat,250,1,185000.0,185000.0,2026-06-30,2026-06,2026
100,7,2026-06-30 08:50:17,1325000.0,selesai,14,Bor Tangan,450000.0,15,6,Perkakas,253,2,450000.0,900000.0,2026-06-30,2026-06,2026
265,1,2026-06-30 15:40:12,1260000.0,selesai,8,Besi Beton 10mm,85000.0,150,3,Besi,667,2,85000.0,170000.0,2026-06-30,2026-06,2026
265,1,2026-06-30 15:40:12,1260000.0,selesai,12,Kayu Meranti,85000.0,60,5,Kayu,669,10,85000.0,850000.0,2026-06-30,2026-06,2026
265,1,2026-06-30 15:40:12,1260000.0,selesai,9,Besi Beton 12mm,120000.0,100,3,Besi,668,2,120000.0,240000.0,2026-06-30,2026-06,2026
151,10,2026-06-30 16:26:28,110000.0,selesai,7,Besi Beton 8mm,55000.0,200,3,Besi,386,2,55000.0,110000.0,2026-06-30,2026-06,2026
109,3,2026-06-30 16:30:07,665000.0,selesai,9,Besi Beton 12mm,120000.0,100,3,Besi,270,5,120000.0,600000.0,2026-06-30,2026-06,2026
109,3,2026-06-30 16:30:07,665000.0,selesai,16,Keramik 40x40,65000.0,100,7,Keramik,271,1,65000.0,65000.0,2026-06-30,2026-06,2026
250,1,2026-07-02 09:39:11,225000.0,selesai,6,Cat Kayu Avian 1kg,75000.0,40,2,Cat,630,3,75000.0,225000.0,2026-07-02,2026-07,2026
76,6,2026-07-02 14:04:45,40000.0,selesai,11,Pipa PVC 1 Inch,40000.0,80,4,Pipa,190,1,40000.0,40000.0,2026-07-02,2026-07,2026
204,1,2026-07-02 14:08:39,2810000.0,selesai,6,Cat Kayu Avian 1kg,75000.0,40,2,Cat,525,2,75000.0,150000.0,2026-07-02,2026-07,2026
204,1,2026-07-02 14:08:39,2810000.0,selesai,14,Bor Tangan,450000.0,15,6,Perkakas,524,5,450000.0,2250000.0,2026-07-02,2026-07,2026
204,1,2026-07-02 14:08:39,2810000.0,selesai,9,Besi Beton 12mm,120000.0,100,3,Besi,526,3,120000.0,360000.0,2026-07-02,2026-07,2026
204,1,2026-07-02 14:08:39,2810000.0,selesai,10,Pipa PVC 1/2 Inch,25000.0,100,4,Pipa,523,2,25000.0,50000.0,2026-07-02,2026-07,2026
4,10,2026-07-02 14:14:07,2890000.0,selesai,10,Pipa PVC 1/2 Inch,25000.0,100,4,Pipa,11,10,25000.0,250000.0,2026-07-02,2026-07,2026
4,10,2026-07-02 14:14:07,2890000.0,selesai,3,Semen Padang 50kg,62000.0,100,1,Semen,8,10,62000.0,620000.0,2026-07-02,2026-07,2026
4,10,2026-07-02 14:14:07,2890000.0,selesai,9,Besi Beton 12mm,120000.0,100,3,Besi,10,1,120000.0,120000.0,2026-07-02,2026-07,2026
4,10,2026-07-02 14:14:07,2890000.0,selesai,17,Keramik 60x60,95000.0,70,7,Keramik,9,20,95000.0,1900000.0,2026-07-02,2026-07,2026
98,9,2026-07-02 16:36:34,710000.0,selesai,17,Keramik 60x60,95000.0,70,7,Keramik,246,5,95000.0,475000.0,2026-07-02,2026-07,2026
98,9,2026-07-02 16:36:34,710000.0,selesai,7,Besi Beton 8mm,55000.0,200,3,Besi,247,2,55000.0,110000.0,2026-07-02,2026-07,2026
98,9,2026-07-02 16:36:34,710000.0,selesai,10,Pipa PVC 1/2 Inch,25000.0,100,4,Pipa,245,5,25000.0,125000.0,2026-07-02,2026-07,2026
235,10,2026-07-03 10:05:09,165000.0,selesai,15,Meteran 5 Meter,35000.0,30,6,Perkakas,596,1,35000.0,35000.0,2026-07-03,2026-07,2026
235,10,2026-07-03 10:05:09,165000.0,selesai,1,Semen Tiga Roda 50kg,65000.0,150,1,Semen,597,2,65000.0,130000.0,2026-07-03,2026-07,2026
158,2,2026-07-03 12:19:36,340000.0,selesai,15,Meteran 5 Meter,35000.0,30,6,Perkakas,407,3,35000.0,105000.0,2026-07-03,2026-07,2026
158,2,2026-07-03 12:19:36,340000.0,selesai,5,Cat Tembok Dulux 5kg,185000.0,35,2,Cat,405,1,185000.0,185000.0,2026-07-03,2026-07,2026
158,2,2026-07-03 12:19:36,340000.0,selesai,10,Pipa PVC 1/2 Inch,25000.0,100,4,Pipa,406,2,25000.0,50000.0,2026-07-03,2026-07,2026
18,2,2026-07-03 13:12:49,607000.0,selesai,3,Semen Padang 50kg,62000.0,100,1,Semen,44,1,62000.0,62000.0,2026-07-03,2026-07,2026
18,2,2026-07-03 13:12:49,607000.0,selesai,13,Palu Besi,75000.0,25,6,Perkakas,45,2,75000.0,150000.0,2026-07-03,2026-07,2026
18,2,2026-07-03 13:12:49,607000.0,selesai,6,Cat Kayu Avian 1kg,75000.0,40,2,Cat,46,3,75000.0,225000.0,2026-07-03,2026-07,2026
18,2,2026-07-03 13:12:49,607000.0,selesai,12,Kayu Meranti,85000.0,60,5,Kayu,47,2,85000.0,170000.0,2026-07-03,2026-07,2026
69,2,2026-07-05 08:44:30,810000.0,selesai,9,Besi Beton 12mm,120000.0,100,3,Besi,175,3,120000.0,360000.0,2026-07-05,2026-07,2026
69,2,2026-07-05 08:44:30,810000.0,selesai,14,Bor Tangan,450000.0,15,6,Perkakas,174,1,450000.0,450000.0,2026-07-05,2026-07,2026
124,8,2026-07-05 15:01:42,350000.0,selesai,10,Pipa PVC 1/2 Inch,25000.0,100,4,Pipa,316,3,25000.0,75000.0,2026-07-05,2026-07,2026
124,8,2026-07-05 15:01:42,350000.0,selesai,11,Pipa PVC 1 Inch,40000.0,80,4,Pipa,314,2,40000.0,80000.0,2026-07-05,2026-07,2026
124,8,2026-07-05 15:01:42,350000.0,selesai,16,Keramik 40x40,65000.0,100,7,Keramik,315,3,65000.0,195000.0,2026-07-05,2026-07,2026
52,6,2026-07-06 08:07:40,1630000.0,selesai,13,Palu Besi,75000.0,25,6,Perkakas,134,2,75000.0,150000.0,2026-07-06,2026-07,2026
52,6,2026-07-06 08:07:40,1630000.0,selesai,14,Bor Tangan,450000.0,15,6,Perkakas,135,3,450000.0,1350000.0,2026-07-06,2026-07,2026
52,6,2026-07-06 08:07:40,1630000.0,selesai,1,Semen Tiga Roda 50kg,65000.0,150,1,Semen,133,2,65000.0,130000.0,2026-07-06,2026-07,2026
150,4,2026-07-07 16:44:20,65000.0,selesai,16,Keramik 40x40,65000.0,100,7,Keramik,385,1,65000.0,65000.0,2026-07-07,2026-07,2026
25,8,2026-07-08 09:10:39,925000.0,selesai,6,Cat Kayu Avian 1kg,75000.0,40,2,Cat,61,1,75000.0,75000.0,2026-07-08,2026-07,2026
25,8,2026-07-08 09:10:39,925000.0,selesai,11,Pipa PVC 1 Inch,40000.0,80,4,Pipa,63,20,40000.0,800000.0,2026-07-08,2026-07,2026
25,8,2026-07-08 09:10:39,925000.0,selesai,10,Pipa PVC 1/2 Inch,25000.0,100,4,Pipa,62,2,25000.0,50000.0,2026-07-08,2026-07,2026
164,3,2026-07-08 09:21:35,4250000.0,selesai,17,Keramik 60x60,95000.0,70,7,Keramik,420,10,95000.0,950000.0,2026-07-08,2026-07,2026
164,3,2026-07-08 09:21:35,4250000.0,selesai,4,Cat Tembok Avian 5kg,145000.0,50,2,Cat,423,10,145000.0,1450000.0,2026-07-08,2026-07,2026
164,3,2026-07-08 09:21:35,4250000.0,selesai,13,Palu Besi,75000.0,25,6,Perkakas,421,2,75000.0,150000.0,2026-07-08,2026-07,2026
164,3,2026-07-08 09:21:35,4250000.0,selesai,8,Besi Beton 10mm,85000.0,150,3,Besi,422,20,85000.0,1700000.0,2026-07-08,2026-07,2026
287,3,2026-07-09 15:34:01,185000.0,selesai,5,Cat Tembok Dulux 5kg,185000.0,35,2,Cat,719,1,185000.0,185000.0,2026-07-09,2026-07,2026
166,10,2026-07-09 15:54:25,205000.0,selesai,8,Besi Beton 10mm,85000.0,150,3,Besi,429,1,85000.0,85000.0,2026-07-09,2026-07,2026
166,10,2026-07-09 15:54:25,205000.0,selesai,9,Besi Beton 12mm,120000.0,100,3,Besi,428,1,120000.0,120000.0,2026-07-09,2026-07,2026
95,10,2026-07-10 17:42:21,1636000.0,selesai,3,Semen Padang 50kg,62000.0,100,1,Semen,238,3,62000.0,186000.0,2026-07-10,2026-07,2026
95,10,2026-07-10 17:42:21,1636000.0,selesai,12,Kayu Meranti,85000.0,60,5,Kayu,239,10,85000.0,850000.0,2026-07-10,2026-07,2026
95,10,2026-07-10 17:42:21,1636000.0,selesai,9,Besi Beton 12mm,120000.0,100,3,Besi,240,5,120000.0,600000.0,2026-07-10,2026-07,2026
222,8,2026-07-11 11:39:42,2175000.0,selesai,5,Cat Tembok Dulux 5kg,185000.0,35,2,Cat,562,10,185000.0,1850000.0,2026-07-11,2026-07,2026
222,8,2026-07-11 11:39:42,2175000.0,selesai,16,Keramik 40x40,65000.0,100,7,Keramik,561,5,65000.0,325000.0,2026-07-11,2026-07,2026
259,4,2026-07-13 16:16:00,1969000.0,selesai,3,Semen Padang 50kg,62000.0,100,1,Semen,652,2,62000.0,124000.0,2026-07-13,2026-07,2026
259,4,2026-07-13 16:16:00,1969000.0,selesai,13,Palu Besi,75000.0,25,6,Perkakas,650,20,75000.0,1500000.0,2026-07-13,2026-07,2026
259,4,2026-07-13 16:16:00,1969000.0,selesai,12,Kayu Meranti,85000.0,60,5,Kayu,651,2,85000.0,170000.0,2026-07-13,2026-07,2026
259,4,2026-07-13 16:16:00,1969000.0,selesai,15,Meteran 5 Meter,35000.0,30,6,Perkakas,653,5,35000.0,175000.0,2026-07-13,2026-07,2026
172,6,2026-07-13 16:37:53,115000.0,selesai,11,Pipa PVC 1 Inch,40000.0,80,4,Pipa,443,1,40000.0,40000.0,2026-07-13,2026-07,2026
172,6,2026-07-13 16:37:53,115000.0,selesai,13,Palu Besi,75000.0,25,6,Perkakas,444,1,75000.0,75000.0,2026-07-13,2026-07,2026
267,4,2026-07-14 11:48:18,455000.0,selesai,8,Besi Beton 10mm,85000.0,150,3,Besi,672,3,85000.0,255000.0,2026-07-14,2026-07,2026
267,4,2026-07-14 11:48:18,455000.0,selesai,12,Kayu Meranti,85000.0,60,5,Kayu,675,1,85000.0,85000.0,2026-07-14,2026-07,2026
267,4,2026-07-14 11:48:18,455000.0,selesai,10,Pipa PVC 1/2 Inch,25000.0,100,4,Pipa,673,2,25000.0,50000.0,2026-07-14,2026-07,2026
267,4,2026-07-14 11:48:18,455000.0,selesai,16,Keramik 40x40,65000.0,100,7,Keramik,674,1,65000.0,65000.0,2026-07-14,2026-07,2026
241,5,2026-07-15 15:33:08,855000.0,selesai,7,Besi Beton 8mm,55000.0,200,3,Besi,610,5,55000.0,275000.0,2026-07-15,2026-07,2026
241,5,2026-07-15 15:33:08,855000.0,selesai,5,Cat Tembok Dulux 5kg,185000.0,35,2,Cat,612,3,185000.0,555000.0,2026-07-15,2026-07,2026
241,5,2026-07-15 15:33:08,855000.0,selesai,10,Pipa PVC 1/2 Inch,25000.0,100,4,Pipa,611,1,25000.0,25000.0,2026-07-15,2026-07,2026
74,4,2026-07-16 14:00:22,1975000.0,selesai,1,Semen Tiga Roda 50kg,65000.0,150,1,Semen,185,2,65000.0,130000.0,2026-07-16,2026-07,2026
74,4,2026-07-16 14:00:22,1975000.0,selesai,16,Keramik 40x40,65000.0,100,7,Keramik,186,5,65000.0,325000.0,2026-07-16,2026-07,2026
74,4,2026-07-16 14:00:22,1975000.0,selesai,15,Meteran 5 Meter,35000.0,30,6,Perkakas,187,2,35000.0,70000.0,2026-07-16,2026-07,2026
74,4,2026-07-16 14:00:22,1975000.0,selesai,4,Cat Tembok Avian 5kg,145000.0,50,2,Cat,184,10,145000.0,1450000.0,2026-07-16,2026-07,2026
275,9,2026-07-17 09:30:54,225000.0,selesai,13,Palu Besi,75000.0,25,6,Perkakas,694,3,75000.0,225000.0,2026-07-17,2026-07,2026
34,6,2026-07-17 11:54:50,1057000.0,selesai,3,Semen Padang 50kg,62000.0,100,1,Semen,88,1,62000.0,62000.0,2026-07-17,2026-07,2026
34,6,2026-07-17 11:54:50,1057000.0,selesai,8,Besi Beton 10mm,85000.0,150,3,Besi,91,5,85000.0,425000.0,2026-07-17,2026-07,2026
34,6,2026-07-17 11:54:50,1057000.0,selesai,16,Keramik 40x40,65000.0,100,7,Keramik,89,3,65000.0,195000.0,2026-07-17,2026-07,2026
34,6,2026-07-17 11:54:50,1057000.0,selesai,6,Cat Kayu Avian 1kg,75000.0,40,2,Cat,90,5,75000.0,375000.0,2026-07-17,2026-07,2026
111,5,2026-07-17 12:31:21,810000.0,selesai,14,Bor Tangan,450000.0,15,6,Perkakas,277,1,450000.0,450000.0,2026-07-17,2026-07,2026
111,5,2026-07-17 12:31:21,810000.0,selesai,9,Besi Beton 12mm,120000.0,100,3,Besi,276,3,120000.0,360000.0,2026-07-17,2026-07,2026
273,6,2026-07-17 14:07:49,605000.0,selesai,11,Pipa PVC 1 Inch,40000.0,80,4,Pipa,692,10,40000.0,400000.0,2026-07-17,2026-07,2026
273,6,2026-07-17 14:07:49,605000.0,selesai,7,Besi Beton 8mm,55000.0,200,3,Besi,690,1,55000.0,55000.0,2026-07-17,2026-07,2026
273,6,2026-07-17 14:07:49,605000.0,selesai,6,Cat Kayu Avian 1kg,75000.0,40,2,Cat,691,2,75000.0,150000.0,2026-07-17,2026-07,2026
177,5,2026-07-17 17:18:46,450000.0,selesai,14,Bor Tangan,450000.0,15,6,Perkakas,456,1,450000.0,450000.0,2026-07-17,2026-07,2026
244,2,2026-07-18 11:59:47,120000.0,selesai,7,Besi Beton 8mm,55000.0,200,3,Besi,618,1,55000.0,55000.0,2026-07-18,2026-07,2026
244,2,2026-07-18 11:59:47,120000.0,selesai,16,Keramik 40x40,65000.0,100,7,Keramik,617,1,65000.0,65000.0,2026-07-18,2026-07,2026
213,5,2026-07-20 10:37:58,130000.0,selesai,16,Keramik 40x40,65000.0,100,7,Keramik,541,2,65000.0,130000.0,2026-07-20,2026-07,2026
78,5,2026-07-20 12:40:02,1985000.0,selesai,5,Cat Tembok Dulux 5kg,185000.0,35,2,Cat,193,1,185000.0,185000.0,2026-07-20,2026-07,2026
78,5,2026-07-20 12:40:02,1985000.0,selesai,16,Keramik 40x40,65000.0,100,7,Keramik,192,3,65000.0,195000.0,2026-07-20,2026-07,2026
78,5,2026-07-20 12:40:02,1985000.0,selesai,15,Meteran 5 Meter,35000.0,30,6,Perkakas,194,3,35000.0,105000.0,2026-07-20,2026-07,2026
78,5,2026-07-20 12:40:02,1985000.0,selesai,6,Cat Kayu Avian 1kg,75000.0,40,2,Cat,195,20,75000.0,1500000.0,2026-07-20,2026-07,2026
257,2,2026-07-21 08:41:13,405000.0,selesai,13,Palu Besi,75000.0,25,6,Perkakas,647,1,75000.0,75000.0,2026-07-21,2026-07,2026
257,2,2026-07-21 08:41:13,405000.0,selesai,6,Cat Kayu Avian 1kg,75000.0,40,2,Cat,646,3,75000.0,225000.0,2026-07-21,2026-07,2026
257,2,2026-07-21 08:41:13,405000.0,selesai,15,Meteran 5 Meter,35000.0,30,6,Perkakas,648,3,35000.0,105000.0,2026-07-21,2026-07,2026
283,2,2026-07-23 11:22:24,95000.0,selesai,17,Keramik 60x60,95000.0,70,7,Keramik,711,1,95000.0,95000.0,2026-07-23,2026-07,2026
24,7,2026-07-23 14:46:05,1020000.0,selesai,9,Besi Beton 12mm,120000.0,100,3,Besi,60,1,120000.0,120000.0,2026-07-23,2026-07,2026
24,7,2026-07-23 14:46:05,1020000.0,selesai,14,Bor Tangan,450000.0,15,6,Perkakas,59,2,450000.0,900000.0,2026-07-23,2026-07,2026
179,4,2026-07-23 15:19:26,110000.0,selesai,7,Besi Beton 8mm,55000.0,200,3,Besi,461,2,55000.0,110000.0,2026-07-23,2026-07,2026
180,3,2026-07-23 16:45:32,175000.0,selesai,15,Meteran 5 Meter,35000.0,30,6,Perkakas,462,5,35000.0,175000.0,2026-07-23,2026-07,2026
258,3,2026-07-25 10:21:26,650000.0,selesai,16,Keramik 40x40,65000.0,100,7,Keramik,649,10,65000.0,650000.0,2026-07-25,2026-07,2026
2,3,2026-07-25 16:34:43,435000.0,selesai,8,Besi Beton 10mm,85000.0,150,3,Besi,2,2,85000.0,170000.0,2026-07-25,2026-07,2026
2,3,2026-07-25 16:34:43,435000.0,selesai,9,Besi Beton 12mm,120000.0,100,3,Besi,3,2,120000.0,240000.0,2026-07-25,2026-07,2026
2,3,2026-07-25 16:34:43,435000.0,selesai,10,Pipa PVC 1/2 Inch,25000.0,100,4,Pipa,4,1,25000.0,25000.0,2026-07-25,2026-07,2026
14,1,2026-07-28 11:24:10,110000.0,selesai,7,Besi Beton 8mm,55000.0,200,3,Besi,37,2,55000.0,110000.0,2026-07-28,2026-07,2026
141,5,2026-07-28 12:18:16,185000.0,selesai,5,Cat Tembok Dulux 5kg,185000.0,35,2,Cat,359,1,185000.0,185000.0,2026-07-28,2026-07,2026
110,3,2026-07-28 17:36:37,1877000.0,selesai,13,Palu Besi,75000.0,25,6,Perkakas,273,20,75000.0,1500000.0,2026-07-28,2026-07,2026
110,3,2026-07-28 17:36:37,1877000.0,selesai,4,Cat Tembok Avian 5kg,145000.0,50,2,Cat,272,1,145000.0,145000.0,2026-07-28,2026-07,2026
110,3,2026-07-28 17:36:37,1877000.0,selesai,8,Besi Beton 10mm,85000.0,150,3,Besi,275,2,85000.0,170000.0,2026-07-28,2026-07,2026
110,3,2026-07-28 17:36:37,1877000.0,selesai,3,Semen Padang 50kg,62000.0,100,1,Semen,274,1,62000.0,62000.0,2026-07-28,2026-07,2026
160,9,2026-07-29 15:29:35,110000.0,selesai,7,Besi Beton 8mm,55000.0,200,3,Besi,411,2,55000.0,110000.0,2026-07-29,2026-07,2026
227,9,2026-07-30 15:00:49,1241000.0,selesai,2,Semen Gresik 50kg,63000.0,120,1,Semen,574,10,63000.0,630000.0,2026-07-30,2026-07,2026
227,9,2026-07-30 15:00:49,1241000.0,selesai,12,Kayu Meranti,85000.0,60,5,Kayu,575,5,85000.0,425000.0,2026-07-30,2026-07,2026
227,9,2026-07-30 15:00:49,1241000.0,selesai,3,Semen Padang 50kg,62000.0,100,1,Semen,576,3,62000.0,186000.0,2026-07-30,2026-07,2026
118,10,2026-07-31 13:56:09,1256000.0,selesai,3,Semen Padang 50kg,62000.0,100,1,Semen,295,3,62000.0,186000.0,2026-07-31,2026-07,2026
118,10,2026-07-31 13:56:09,1256000.0,selesai,5,Cat Tembok Dulux 5kg,185000.0,35,2,Cat,293,2,185000.0,370000.0,2026-07-31,2026-07,2026
118,10,2026-07-31 13:56:09,1256000.0,selesai,15,Meteran 5 Meter,35000.0,30,6,Perkakas,294,20,35000.0,700000.0,2026-07-31,2026-07,2026
288,10,2026-07-31 16:44:43,612000.0,selesai,6,Cat Kayu Avian 1kg,75000.0,40,2,Cat,722,3,75000.0,225000.0,2026-07-31,2026-07,2026
288,10,2026-07-31 16:44:43,612000.0,selesai,16,Keramik 40x40,65000.0,100,7,Keramik,721,5,65000.0,325000.0,2026-07-31,2026-07,2026
288,10,2026-07-31 16:44:43,612000.0,selesai,3,Semen Padang 50kg,62000.0,100,1,Semen,720,1,62000.0,62000.0,2026-07-31,2026-07,2026
221,1,2026-08-01 10:21:43,130000.0,selesai,1,Semen Tiga Roda 50kg,65000.0,150,1,Semen,560,2,65000.0,130000.0,2026-08-01,2026-08,2026
173,10,2026-08-01 11:19:17,70000.0,selesai,15,Meteran 5 Meter,35000.0,30,6,Perkakas,445,2,35000.0,70000.0,2026-08-01,2026-08,2026
90,5,2026-08-01 14:33:26,2435000.0,selesai,4,Cat Tembok Avian 5kg,145000.0,50,2,Cat,223,3,145000.0,435000.0,2026-08-01,2026-08,2026
90,5,2026-08-01 14:33:26,2435000.0,selesai,9,Besi Beton 12mm,120000.0,100,3,Besi,224,10,120000.0,1200000.0,2026-08-01,2026-08,2026
90,5,2026-08-01 14:33:26,2435000.0,selesai,11,Pipa PVC 1 Inch,40000.0,80,4,Pipa,225,20,40000.0,800000.0,2026-08-01,2026-08,2026
252,1,2026-08-03 14:05:29,955000.0,selesai,9,Besi Beton 12mm,120000.0,100,3,Besi,634,2,120000.0,240000.0,2026-08-03,2026-08,2026
252,1,2026-08-03 14:05:29,955000.0,selesai,12,Kayu Meranti,85000.0,60,5,Kayu,636,5,85000.0,425000.0,2026-08-03,2026-08,2026
252,1,2026-08-03 14:05:29,955000.0,selesai,16,Keramik 40x40,65000.0,100,7,Keramik,635,1,65000.0,65000.0,2026-08-03,2026-08,2026
252,1,2026-08-03 14:05:29,955000.0,selesai,6,Cat Kayu Avian 1kg,75000.0,40,2,Cat,637,3,75000.0,225000.0,2026-08-03,2026-08,2026
296,8,2026-08-03 14:49:08,115000.0,selesai,11,Pipa PVC 1 Inch,40000.0,80,4,Pipa,735,1,40000.0,40000.0,2026-08-03,2026-08,2026
296,8,2026-08-03 14:49:08,115000.0,selesai,10,Pipa PVC 1/2 Inch,25000.0,100,4,Pipa,736,3,25000.0,75000.0,2026-08-03,2026-08,2026
182,7,2026-08-03 16:08:19,240000.0,selesai,9,Besi Beton 12mm,120000.0,100,3,Besi,466,2,120000.0,240000.0,2026-08-03,2026-08,2026
139,3,2026-08-04 08:47:00,1325000.0,selesai,2,Semen Gresik 50kg,63000.0,120,1,Semen,355,20,63000.0,1260000.0,2026-08-04,2026-08,2026
139,3,2026-08-04 08:47:00,1325000.0,selesai,16,Keramik 40x40,65000.0,100,7,Keramik,356,1,65000.0,65000.0,2026-08-04,2026-08,2026
45,8,2026-08-04 11:39:31,235000.0,selesai,7,Besi Beton 8mm,55000.0,200,3,Besi,117,3,55000.0,165000.0,2026-08-04,2026-08,2026
45,8,2026-08-04 11:39:31,235000.0,selesai,15,Meteran 5 Meter,35000.0,30,6,Perkakas,118,2,35000.0,70000.0,2026-08-04,2026-08,2026
38,3,2026-08-04 12:22:15,1040000.0,selesai,10,Pipa PVC 1/2 Inch,25000.0,100,4,Pipa,101,5,25000.0,125000.0,2026-08-04,2026-08,2026
38,3,2026-08-04 12:22:15,1040000.0,selesai,4,Cat Tembok Avian 5kg,145000.0,50,2,Cat,99,3,145000.0,435000.0,2026-08-04,2026-08,2026
38,3,2026-08-04 12:22:15,1040000.0,selesai,6,Cat Kayu Avian 1kg,75000.0,40,2,Cat,100,3,75000.0,225000.0,2026-08-04,2026-08,2026
38,3,2026-08-04 12:22:15,1040000.0,selesai,12,Kayu Meranti,85000.0,60,5,Kayu,102,3,85000.0,255000.0,2026-08-04,2026-08,2026
293,10,2026-08-04 16:37:05,2860000.0,selesai,14,Bor Tangan,450000.0,15,6,Perkakas,729,5,450000.0,2250000.0,2026-08-04,2026-08,2026
293,10,2026-08-04 16:37:05,2860000.0,selesai,17,Keramik 60x60,95000.0,70,7,Keramik,728,1,95000.0,95000.0,2026-08-04,2026-08,2026
293,10,2026-08-04 16:37:05,2860000.0,selesai,4,Cat Tembok Avian 5kg,145000.0,50,2,Cat,727,2,145000.0,290000.0,2026-08-04,2026-08,2026
293,10,2026-08-04 16:37:05,2860000.0,selesai,13,Palu Besi,75000.0,25,6,Perkakas,730,3,75000.0,225000.0,2026-08-04,2026-08,2026
62,1,2026-08-04 17:27:28,780000.0,selesai,10,Pipa PVC 1/2 Inch,25000.0,100,4,Pipa,159,1,25000.0,25000.0,2026-08-04,2026-08,2026
62,1,2026-08-04 17:27:28,780000.0,selesai,16,Keramik 40x40,65000.0,100,7,Keramik,161,1,65000.0,65000.0,2026-08-04,2026-08,2026
62,1,2026-08-04 17:27:28,780000.0,selesai,11,Pipa PVC 1 Inch,40000.0,80,4,Pipa,160,1,40000.0,40000.0,2026-08-04,2026-08,2026
62,1,2026-08-04 17:27:28,780000.0,selesai,1,Semen Tiga Roda 50kg,65000.0,150,1,Semen,158,10,65000.0,650000.0,2026-08-04,2026-08,2026
104,3,2026-08-05 16:00:01,65000.0,selesai,16,Keramik 40x40,65000.0,100,7,Keramik,260,1,65000.0,65000.0,2026-08-05,2026-08,2026
47,2,2026-08-05 17:48:26,186000.0,selesai,3,Semen Padang 50kg,62000.0,100,1,Semen,122,3,62000.0,186000.0,2026-08-05,2026-08,2026
40,10,2026-08-06 09:42:04,356000.0,selesai,7,Besi Beton 8mm,55000.0,200,3,Besi,104,3,55000.0,165000.0,2026-08-06,2026-08,2026
40,10,2026-08-06 09:42:04,356000.0,selesai,2,Semen Gresik 50kg,63000.0,120,1,Semen,106,2,63000.0,126000.0,2026-08-06,2026-08,2026
40,10,2026-08-06 09:42:04,356000.0,selesai,16,Keramik 40x40,65000.0,100,7,Keramik,105,1,65000.0,65000.0,2026-08-06,2026-08,2026
272,2,2026-08-06 13:10:44,1215000.0,selesai,11,Pipa PVC 1 Inch,40000.0,80,4,Pipa,686,20,40000.0,800000.0,2026-08-06,2026-08,2026
272,2,2026-08-06 13:10:44,1215000.0,selesai,15,Meteran 5 Meter,35000.0,30,6,Perkakas,689,2,35000.0,70000.0,2026-08-06,2026-08,2026
272,2,2026-08-06 13:10:44,1215000.0,selesai,6,Cat Kayu Avian 1kg,75000.0,40,2,Cat,688,2,75000.0,150000.0,2026-08-06,2026-08,2026
272,2,2026-08-06 13:10:44,1215000.0,selesai,1,Semen Tiga Roda 50kg,65000.0,150,1,Semen,687,3,65000.0,195000.0,2026-08-06,2026-08,2026
203,1,2026-08-07 09:08:25,310000.0,selesai,3,Semen Padang 50kg,62000.0,100,1,Semen,522,5,62000.0,310000.0,2026-08-07,2026-08,2026
56,10,2026-08-07 09:44:44,95000.0,selesai,15,Meteran 5 Meter,35000.0,30,6,Perkakas,141,2,35000.0,70000.0,2026-08-07,2026-08,2026
56,10,2026-08-07 09:44:44,95000.0,selesai,10,Pipa PVC 1/2 Inch,25000.0,100,4,Pipa,142,1,25000.0,25000.0,2026-08-07,2026-08,2026
268,6,2026-08-07 13:50:17,851000.0,selesai,8,Besi Beton 10mm,85000.0,150,3,Besi,677,5,85000.0,425000.0,2026-08-07,2026-08,2026
268,6,2026-08-07 13:50:17,851000.0,selesai,3,Semen Padang 50kg,62000.0,100,1,Semen,678,3,62000.0,186000.0,2026-08-07,2026-08,2026
268,6,2026-08-07 13:50:17,851000.0,selesai,9,Besi Beton 12mm,120000.0,100,3,Besi,676,2,120000.0,240000.0,2026-08-07,2026-08,2026
185,6,2026-08-07 14:54:26,240000.0,selesai,16,Keramik 40x40,65000.0,100,7,Keramik,470,1,65000.0,65000.0,2026-08-07,2026-08,2026
185,6,2026-08-07 14:54:26,240000.0,selesai,15,Meteran 5 Meter,35000.0,30,6,Perkakas,471,5,35000.0,175000.0,2026-08-07,2026-08,2026
231,10,2026-08-09 09:43:00,235000.0,selesai,13,Palu Besi,75000.0,25,6,Perkakas,586,1,75000.0,75000.0,2026-08-09,2026-08,2026
231,10,2026-08-09 09:43:00,235000.0,selesai,12,Kayu Meranti,85000.0,60,5,Kayu,585,1,85000.0,85000.0,2026-08-09,2026-08,2026
231,10,2026-08-09 09:43:00,235000.0,selesai,6,Cat Kayu Avian 1kg,75000.0,40,2,Cat,584,1,75000.0,75000.0,2026-08-09,2026-08,2026
58,7,2026-08-09 10:13:43,3065000.0,selesai,16,Keramik 40x40,65000.0,100,7,Keramik,147,1,65000.0,65000.0,2026-08-09,2026-08,2026
58,7,2026-08-09 10:13:43,3065000.0,selesai,13,Palu Besi,75000.0,25,6,Perkakas,148,20,75000.0,1500000.0,2026-08-09,2026-08,2026
58,7,2026-08-09 10:13:43,3065000.0,selesai,6,Cat Kayu Avian 1kg,75000.0,40,2,Cat,146,20,75000.0,1500000.0,2026-08-09,2026-08,2026
20,9,2026-08-09 14:51:59,3195000.0,selesai,15,Meteran 5 Meter,35000.0,30,6,Perkakas,52,2,35000.0,70000.0,2026-08-09,2026-08,2026
20,9,2026-08-09 14:51:59,3195000.0,selesai,6,Cat Kayu Avian 1kg,75000.0,40,2,Cat,51,3,75000.0,225000.0,2026-08-09,2026-08,2026
20,9,2026-08-09 14:51:59,3195000.0,selesai,4,Cat Tembok Avian 5kg,145000.0,50,2,Cat,53,20,145000.0,2900000.0,2026-08-09,2026-08,2026
284,7,2026-08-10 08:26:51,325000.0,selesai,9,Besi Beton 12mm,120000.0,100,3,Besi,712,2,120000.0,240000.0,2026-08-10,2026-08,2026
284,7,2026-08-10 08:26:51,325000.0,selesai,12,Kayu Meranti,85000.0,60,5,Kayu,713,1,85000.0,85000.0,2026-08-10,2026-08,2026
64,7,2026-08-10 13:15:59,2570000.0,selesai,9,Besi Beton 12mm,120000.0,100,3,Besi,163,20,120000.0,2400000.0,2026-08-10,2026-08,2026
64,7,2026-08-10 13:15:59,2570000.0,selesai,12,Kayu Meranti,85000.0,60,5,Kayu,164,2,85000.0,170000.0,2026-08-10,2026-08,2026
162,7,2026-08-11 09:15:09,288000.0,selesai,6,Cat Kayu Avian 1kg,75000.0,40,2,Cat,416,2,75000.0,150000.0,2026-08-11,2026-08,2026
162,7,2026-08-11 09:15:09,288000.0,selesai,13,Palu Besi,75000.0,25,6,Perkakas,417,1,75000.0,75000.0,2026-08-11,2026-08,2026
162,7,2026-08-11 09:15:09,288000.0,selesai,2,Semen Gresik 50kg,63000.0,120,1,Semen,418,1,63000.0,63000.0,2026-08-11,2026-08,2026
70,3,2026-08-12 11:57:35,316000.0,selesai,11,Pipa PVC 1 Inch,40000.0,80,4,Pipa,176,1,40000.0,40000.0,2026-08-12,2026-08,2026
70,3,2026-08-12 11:57:35,316000.0,selesai,6,Cat Kayu Avian 1kg,75000.0,40,2,Cat,177,2,75000.0,150000.0,2026-08-12,2026-08,2026
70,3,2026-08-12 11:57:35,316000.0,selesai,2,Semen Gresik 50kg,63000.0,120,1,Semen,178,2,63000.0,126000.0,2026-08-12,2026-08,2026
12,9,2026-08-12 15:12:16,2355000.0,selesai,14,Bor Tangan,450000.0,15,6,Perkakas,32,5,450000.0,2250000.0,2026-08-12,2026-08,2026
12,9,2026-08-12 15:12:16,2355000.0,selesai,15,Meteran 5 Meter,35000.0,30,6,Perkakas,33,3,35000.0,105000.0,2026-08-12,2026-08,2026
8,7,2026-08-13 10:18:56,872000.0,selesai,3,Semen Padang 50kg,62000.0,100,1,Semen,19,1,62000.0,62000.0,2026-08-13,2026-08,2026
8,7,2026-08-13 10:18:56,872000.0,selesai,6,Cat Kayu Avian 1kg,75000.0,40,2,Cat,17,1,75000.0,75000.0,2026-08-13,2026-08,2026
8,7,2026-08-13 10:18:56,872000.0,selesai,1,Semen Tiga Roda 50kg,65000.0,150,1,Semen,20,10,65000.0,650000.0,2026-08-13,2026-08,2026
8,7,2026-08-13 10:18:56,872000.0,selesai,12,Kayu Meranti,85000.0,60,5,Kayu,18,1,85000.0,85000.0,2026-08-13,2026-08,2026
251,9,2026-08-13 14:44:26,880000.0,selesai,5,Cat Tembok Dulux 5kg,185000.0,35,2,Cat,631,1,185000.0,185000.0,2026-08-13,2026-08,2026
251,9,2026-08-13 14:44:26,880000.0,selesai,10,Pipa PVC 1/2 Inch,25000.0,100,4,Pipa,633,20,25000.0,500000.0,2026-08-13,2026-08,2026
251,9,2026-08-13 14:44:26,880000.0,selesai,1,Semen Tiga Roda 50kg,65000.0,150,1,Semen,632,3,65000.0,195000.0,2026-08-13,2026-08,2026
192,10,2026-08-14 12:08:55,2655000.0,selesai,15,Meteran 5 Meter,35000.0,30,6,Perkakas,493,3,35000.0,105000.0,2026-08-14,2026-08,2026
192,10,2026-08-14 12:08:55,2655000.0,selesai,8,Besi Beton 10mm,85000.0,150,3,Besi,492,20,85000.0,1700000.0,2026-08-14,2026-08,2026
192,10,2026-08-14 12:08:55,2655000.0,selesai,12,Kayu Meranti,85000.0,60,5,Kayu,491,10,85000.0,850000.0,2026-08-14,2026-08,2026
240,7,2026-08-14 13:13:53,2060000.0,selesai,11,Pipa PVC 1 Inch,40000.0,80,4,Pipa,608,2,40000.0,80000.0,2026-08-14,2026-08,2026
240,7,2026-08-14 13:13:53,2060000.0,selesai,1,Semen Tiga Roda 50kg,65000.0,150,1,Semen,607,2,65000.0,130000.0,2026-08-14,2026-08,2026
240,7,2026-08-14 13:13:53,2060000.0,selesai,5,Cat Tembok Dulux 5kg,185000.0,35,2,Cat,609,10,185000.0,1850000.0,2026-08-14,2026-08,2026
196,10,2026-08-14 17:48:13,1428000.0,selesai,1,Semen Tiga Roda 50kg,65000.0,150,1,Semen,503,1,65000.0,65000.0,2026-08-14,2026-08,2026
196,10,2026-08-14 17:48:13,1428000.0,selesai,13,Palu Besi,75000.0,25,6,Perkakas,505,10,75000.0,750000.0,2026-08-14,2026-08,2026
196,10,2026-08-14 17:48:13,1428000.0,selesai,2,Semen Gresik 50kg,63000.0,120,1,Semen,502,1,63000.0,63000.0,2026-08-14,2026-08,2026
196,10,2026-08-14 17:48:13,1428000.0,selesai,7,Besi Beton 8mm,55000.0,200,3,Besi,504,10,55000.0,550000.0,2026-08-14,2026-08,2026
208,3,2026-08-15 12:09:38,126000.0,selesai,2,Semen Gresik 50kg,63000.0,120,1,Semen,533,2,63000.0,126000.0,2026-08-15,2026-08,2026
165,1,2026-08-17 09:00:28,2730000.0,selesai,17,Keramik 60x60,95000.0,70,7,Keramik,427,3,95000.0,285000.0,2026-08-17,2026-08,2026
165,1,2026-08-17 09:00:28,2730000.0,selesai,6,Cat Kayu Avian 1kg,75000.0,40,2,Cat,424,5,75000.0,375000.0,2026-08-17,2026-08,2026
165,1,2026-08-17 09:00:28,2730000.0,selesai,5,Cat Tembok Dulux 5kg,185000.0,35,2,Cat,426,2,185000.0,370000.0,2026-08-17,2026-08,2026
165,1,2026-08-17 09:00:28,2730000.0,selesai,8,Besi Beton 10mm,85000.0,150,3,Besi,425,20,85000.0,1700000.0,2026-08-17,2026-08,2026
232,6,2026-08-18 11:25:29,1910000.0,selesai,2,Semen Gresik 50kg,63000.0,120,1,Semen,587,20,63000.0,1260000.0,2026-08-18,2026-08,2026
232,6,2026-08-18 11:25:29,1910000.0,selesai,13,Palu Besi,75000.0,25,6,Perkakas,589,3,75000.0,225000.0,2026-08-18,2026-08,2026
232,6,2026-08-18 11:25:29,1910000.0,selesai,12,Kayu Meranti,85000.0,60,5,Kayu,588,5,85000.0,425000.0,2026-08-18,2026-08,2026
55,5,2026-08-18 12:01:59,475000.0,selesai,17,Keramik 60x60,95000.0,70,7,Keramik,140,5,95000.0,475000.0,2026-08-18,2026-08,2026
128,8,2026-08-19 10:09:12,428000.0,selesai,15,Meteran 5 Meter,35000.0,30,6,Perkakas,324,5,35000.0,175000.0,2026-08-19,2026-08,2026
128,8,2026-08-19 10:09:12,428000.0,selesai,1,Semen Tiga Roda 50kg,65000.0,150,1,Semen,326,1,65000.0,65000.0,2026-08-19,2026-08,2026
128,8,2026-08-19 10:09:12,428000.0,selesai,10,Pipa PVC 1/2 Inch,25000.0,100,4,Pipa,325,5,25000.0,125000.0,2026-08-19,2026-08,2026
128,8,2026-08-19 10:09:12,428000.0,selesai,2,Semen Gresik 50kg,63000.0,120,1,Semen,323,1,63000.0,63000.0,2026-08-19,2026-08,2026
212,5,2026-08-19 10:21:39,1835000.0,selesai,11,Pipa PVC 1 Inch,40000.0,80,4,Pipa,539,1,40000.0,40000.0,2026-08-19,2026-08,2026
212,5,2026-08-19 10:21:39,1835000.0,selesai,3,Semen Padang 50kg,62000.0,100,1,Semen,538,20,62000.0,1240000.0,2026-08-19,2026-08,2026
212,5,2026-08-19 10:21:39,1835000.0,selesai,5,Cat Tembok Dulux 5kg,185000.0,35,2,Cat,540,3,185000.0,555000.0,2026-08-19,2026-08,2026
133,9,2026-08-19 11:21:26,1855000.0,selesai,11,Pipa PVC 1 Inch,40000.0,80,4,Pipa,339,20,40000.0,800000.0,2026-08-19,2026-08,2026
133,9,2026-08-19 11:21:26,1855000.0,selesai,15,Meteran 5 Meter,35000.0,30,6,Perkakas,341,3,35000.0,105000.0,2026-08-19,2026-08,2026
133,9,2026-08-19 11:21:26,1855000.0,selesai,17,Keramik 60x60,95000.0,70,7,Keramik,340,10,95000.0,950000.0,2026-08-19,2026-08,2026
61,6,2026-08-19 13:13:55,1949000.0,selesai,3,Semen Padang 50kg,62000.0,100,1,Semen,155,2,62000.0,124000.0,2026-08-19,2026-08,2026
61,6,2026-08-19 13:13:55,1949000.0,selesai,1,Semen Tiga Roda 50kg,65000.0,150,1,Semen,156,10,65000.0,650000.0,2026-08-19,2026-08,2026
61,6,2026-08-19 13:13:55,1949000.0,selesai,5,Cat Tembok Dulux 5kg,185000.0,35,2,Cat,157,5,185000.0,925000.0,2026-08-19,2026-08,2026
61,6,2026-08-19 13:13:55,1949000.0,selesai,10,Pipa PVC 1/2 Inch,25000.0,100,4,Pipa,154,10,25000.0,250000.0,2026-08-19,2026-08,2026
254,9,2026-08-21 08:38:51,300000.0,selesai,12,Kayu Meranti,85000.0,60,5,Kayu,639,2,85000.0,170000.0,2026-08-21,2026-08,2026
254,9,2026-08-21 08:38:51,300000.0,selesai,16,Keramik 40x40,65000.0,100,7,Keramik,640,2,65000.0,130000.0,2026-08-21,2026-08,2026
88,6,2026-08-21 11:00:00,1850000.0,selesai,5,Cat Tembok Dulux 5kg,185000.0,35,2,Cat,219,10,185000.0,1850000.0,2026-08-21,2026-08,2026
200,3,2026-08-21 16:08:47,325000.0,selesai,1,Semen Tiga Roda 50kg,65000.0,150,1,Semen,515,2,65000.0,130000.0,2026-08-21,2026-08,2026
200,3,2026-08-21 16:08:47,325000.0,selesai,16,Keramik 40x40,65000.0,100,7,Keramik,516,3,65000.0,195000.0,2026-08-21,2026-08,2026
253,2,2026-08-22 11:34:49,120000.0,selesai,9,Besi Beton 12mm,120000.0,100,3,Besi,638,1,120000.0,120000.0,2026-08-22,2026-08,2026
19,6,2026-08-22 12:26:35,1610000.0,selesai,7,Besi Beton 8mm,55000.0,200,3,Besi,50,20,55000.0,1100000.0,2026-08-22,2026-08,2026
19,6,2026-08-22 12:26:35,1610000.0,selesai,12,Kayu Meranti,85000.0,60,5,Kayu,48,3,85000.0,255000.0,2026-08-22,2026-08,2026
19,6,2026-08-22 12:26:35,1610000.0,selesai,8,Besi Beton 10mm,85000.0,150,3,Besi,49,3,85000.0,255000.0,2026-08-22,2026-08,2026
94,9,2026-08-22 12:40:13,5150000.0,selesai,14,Bor Tangan,450000.0,15,6,Perkakas,236,10,450000.0,4500000.0,2026-08-22,2026-08,2026
94,9,2026-08-22 12:40:13,5150000.0,selesai,16,Keramik 40x40,65000.0,100,7,Keramik,237,10,65000.0,650000.0,2026-08-22,2026-08,2026
295,7,2026-08-22 15:14:04,85000.0,selesai,12,Kayu Meranti,85000.0,60,5,Kayu,734,1,85000.0,85000.0,2026-08-22,2026-08,2026
161,2,2026-08-23 11:39:55,1260000.0,selesai,8,Besi Beton 10mm,85000.0,150,3,Besi,415,2,85000.0,170000.0,2026-08-23,2026-08,2026
161,2,2026-08-23 11:39:55,1260000.0,selesai,11,Pipa PVC 1 Inch,40000.0,80,4,Pipa,414,2,40000.0,80000.0,2026-08-23,2026-08,2026
161,2,2026-08-23 11:39:55,1260000.0,selesai,17,Keramik 60x60,95000.0,70,7,Keramik,413,3,95000.0,285000.0,2026-08-23,2026-08,2026
161,2,2026-08-23 11:39:55,1260000.0,selesai,4,Cat Tembok Avian 5kg,145000.0,50,2,Cat,412,5,145000.0,725000.0,2026-08-23,2026-08,2026
168,5,2026-08-23 17:40:58,75000.0,selesai,13,Palu Besi,75000.0,25,6,Perkakas,432,1,75000.0,75000.0,2026-08-23,2026-08,2026
132,9,2026-08-25 16:38:15,3350000.0,selesai,16,Keramik 40x40,65000.0,100,7,Keramik,338,3,65000.0,195000.0,2026-08-25,2026-08,2026
132,9,2026-08-25 16:38:15,3350000.0,selesai,4,Cat Tembok Avian 5kg,145000.0,50,2,Cat,336,20,145000.0,2900000.0,2026-08-25,2026-08,2026
132,9,2026-08-25 16:38:15,3350000.0,selesai,8,Besi Beton 10mm,85000.0,150,3,Besi,337,3,85000.0,255000.0,2026-08-25,2026-08,2026
23,10,2026-08-26 10:17:51,1048000.0,selesai,15,Meteran 5 Meter,35000.0,30,6,Perkakas,56,1,35000.0,35000.0,2026-08-26,2026-08,2026
23,10,2026-08-26 10:17:51,1048000.0,selesai,17,Keramik 60x60,95000.0,70,7,Keramik,58,10,95000.0,950000.0,2026-08-26,2026-08,2026
23,10,2026-08-26 10:17:51,1048000.0,selesai,2,Semen Gresik 50kg,63000.0,120,1,Semen,57,1,63000.0,63000.0,2026-08-26,2026-08,2026
106,8,2026-08-26 12:02:04,435000.0,selesai,1,Semen Tiga Roda 50kg,65000.0,150,1,Semen,265,1,65000.0,65000.0,2026-08-26,2026-08,2026
106,8,2026-08-26 12:02:04,435000.0,selesai,5,Cat Tembok Dulux 5kg,185000.0,35,2,Cat,266,2,185000.0,370000.0,2026-08-26,2026-08,2026
186,3,2026-08-26 13:57:24,3320000.0,selesai,11,Pipa PVC 1 Inch,40000.0,80,4,Pipa,473,2,40000.0,80000.0,2026-08-26,2026-08,2026
186,3,2026-08-26 13:57:24,3320000.0,selesai,1,Semen Tiga Roda 50kg,65000.0,150,1,Semen,472,10,65000.0,650000.0,2026-08-26,2026-08,2026
186,3,2026-08-26 13:57:24,3320000.0,selesai,9,Besi Beton 12mm,120000.0,100,3,Besi,475,20,120000.0,2400000.0,2026-08-26,2026-08,2026
186,3,2026-08-26 13:57:24,3320000.0,selesai,17,Keramik 60x60,95000.0,70,7,Keramik,474,2,95000.0,190000.0,2026-08-26,2026-08,2026
36,6,2026-08-27 09:20:22,1688000.0,selesai,2,Semen Gresik 50kg,63000.0,120,1,Semen,97,1,63000.0,63000.0,2026-08-27,2026-08,2026
36,6,2026-08-27 09:20:22,1688000.0,selesai,12,Kayu Meranti,85000.0,60,5,Kayu,95,5,85000.0,425000.0,2026-08-27,2026-08,2026
36,6,2026-08-27 09:20:22,1688000.0,selesai,9,Besi Beton 12mm,120000.0,100,3,Besi,96,10,120000.0,1200000.0,2026-08-27,2026-08,2026
226,6,2026-08-27 17:48:07,1845000.0,selesai,4,Cat Tembok Avian 5kg,145000.0,50,2,Cat,572,2,145000.0,290000.0,2026-08-27,2026-08,2026
226,6,2026-08-27 17:48:07,1845000.0,selesai,7,Besi Beton 8mm,55000.0,200,3,Besi,571,1,55000.0,55000.0,2026-08-27,2026-08,2026
226,6,2026-08-27 17:48:07,1845000.0,selesai,6,Cat Kayu Avian 1kg,75000.0,40,2,Cat,573,20,75000.0,1500000.0,2026-08-27,2026-08,2026
153,10,2026-08-28 11:38:21,500000.0,selesai,10,Pipa PVC 1/2 Inch,25000.0,100,4,Pipa,390,20,25000.0,500000.0,2026-08-28,2026-08,2026
229,1,2026-08-31 09:33:31,245000.0,selesai,11,Pipa PVC 1 Inch,40000.0,80,4,Pipa,580,1,40000.0,40000.0,2026-08-31,2026-08,2026
229,1,2026-08-31 09:33:31,245000.0,selesai,7,Besi Beton 8mm,55000.0,200,3,Besi,579,1,55000.0,55000.0,2026-08-31,2026-08,2026
229,1,2026-08-31 09:33:31,245000.0,selesai,6,Cat Kayu Avian 1kg,75000.0,40,2,Cat,581,2,75000.0,150000.0,2026-08-31,2026-08,2026
299,3,2026-09-01 09:15:06,460000.0,selesai,8,Besi Beton 10mm,85000.0,150,3,Besi,740,3,85000.0,255000.0,2026-09-01,2026-09,2026
299,3,2026-09-01 09:15:06,460000.0,selesai,12,Kayu Meranti,85000.0,60,5,Kayu,741,2,85000.0,170000.0,2026-09-01,2026-09,2026
299,3,2026-09-01 09:15:06,460000.0,selesai,15,Meteran 5 Meter,35000.0,30,6,Perkakas,739,1,35000.0,35000.0,2026-09-01,2026-09,2026
167,7,2026-09-01 11:26:08,630000.0,selesai,6,Cat Kayu Avian 1kg,75000.0,40,2,Cat,430,1,75000.0,75000.0,2026-09-01,2026-09,2026
167,7,2026-09-01 11:26:08,630000.0,selesai,5,Cat Tembok Dulux 5kg,185000.0,35,2,Cat,431,3,185000.0,555000.0,2026-09-01,2026-09,2026
136,6,2026-09-01 12:31:12,1745000.0,selesai,4,Cat Tembok Avian 5kg,145000.0,50,2,Cat,348,2,145000.0,290000.0,2026-09-01,2026-09,2026
136,6,2026-09-01 12:31:12,1745000.0,selesai,2,Semen Gresik 50kg,63000.0,120,1,Semen,347,20,63000.0,1260000.0,2026-09-01,2026-09,2026
136,6,2026-09-01 12:31:12,1745000.0,selesai,1,Semen Tiga Roda 50kg,65000.0,150,1,Semen,349,3,65000.0,195000.0,2026-09-01,2026-09,2026
245,2,2026-09-03 12:01:05,440000.0,selesai,13,Palu Besi,75000.0,25,6,Perkakas,620,2,75000.0,150000.0,2026-09-03,2026-09,2026
245,2,2026-09-03 12:01:05,440000.0,selesai,9,Besi Beton 12mm,120000.0,100,3,Besi,619,1,120000.0,120000.0,2026-09-03,2026-09,2026
245,2,2026-09-03 12:01:05,440000.0,selesai,8,Besi Beton 10mm,85000.0,150,3,Besi,621,2,85000.0,170000.0,2026-09-03,2026-09,2026
135,3,2026-09-03 13:02:50,285000.0,selesai,17,Keramik 60x60,95000.0,70,7,Keramik,346,3,95000.0,285000.0,2026-09-03,2026-09,2026
281,10,2026-09-06 12:25:01,150000.0,selesai,13,Palu Besi,75000.0,25,6,Perkakas,709,2,75000.0,150000.0,2026-09-06,2026-09,2026
197,2,2026-09-08 10:37:12,135000.0,selesai,10,Pipa PVC 1/2 Inch,25000.0,100,4,Pipa,506,1,25000.0,25000.0,2026-09-08,2026-09,2026
197,2,2026-09-08 10:37:12,135000.0,selesai,7,Besi Beton 8mm,55000.0,200,3,Besi,507,2,55000.0,110000.0,2026-09-08,2026-09,2026
169,9,2026-09-08 12:27:27,315000.0,selesai,16,Keramik 40x40,65000.0,100,7,Keramik,434,1,65000.0,65000.0,2026-09-08,2026-09,2026
169,9,2026-09-08 12:27:27,315000.0,selesai,5,Cat Tembok Dulux 5kg,185000.0,35,2,Cat,433,1,185000.0,185000.0,2026-09-08,2026-09,2026
169,9,2026-09-08 12:27:27,315000.0,selesai,1,Semen Tiga Roda 50kg,65000.0,150,1,Semen,435,1,65000.0,65000.0,2026-09-08,2026-09,2026
242,1,2026-09-08 14:14:52,120000.0,selesai,9,Besi Beton 12mm,120000.0,100,3,Besi,613,1,120000.0,120000.0,2026-09-08,2026-09,2026
144,3,2026-09-11 10:01:21,400000.0,selesai,10,Pipa PVC 1/2 Inch,25000.0,100,4,Pipa,367,10,25000.0,250000.0,2026-09-11,2026-09,2026
144,3,2026-09-11 10:01:21,400000.0,selesai,13,Palu Besi,75000.0,25,6,Perkakas,366,2,75000.0,150000.0,2026-09-11,2026-09,2026
115,1,2026-09-12 09:42:47,1285000.0,selesai,4,Cat Tembok Avian 5kg,145000.0,50,2,Cat,288,3,145000.0,435000.0,2026-09-12,2026-09,2026
115,1,2026-09-12 09:42:47,1285000.0,selesai,12,Kayu Meranti,85000.0,60,5,Kayu,289,10,85000.0,850000.0,2026-09-12,2026-09,2026
121,9,2026-09-12 15:25:30,1620000.0,selesai,11,Pipa PVC 1 Inch,40000.0,80,4,Pipa,303,20,40000.0,800000.0,2026-09-12,2026-09,2026
121,9,2026-09-12 15:25:30,1620000.0,selesai,12,Kayu Meranti,85000.0,60,5,Kayu,304,2,85000.0,170000.0,2026-09-12,2026-09,2026
121,9,2026-09-12 15:25:30,1620000.0,selesai,1,Semen Tiga Roda 50kg,65000.0,150,1,Semen,305,10,65000.0,650000.0,2026-09-12,2026-09,2026
68,2,2026-09-14 10:53:28,624000.0,selesai,11,Pipa PVC 1 Inch,40000.0,80,4,Pipa,173,2,40000.0,80000.0,2026-09-14,2026-09,2026
68,2,2026-09-14 10:53:28,624000.0,selesai,5,Cat Tembok Dulux 5kg,185000.0,35,2,Cat,171,1,185000.0,185000.0,2026-09-14,2026-09,2026
68,2,2026-09-14 10:53:28,624000.0,selesai,2,Semen Gresik 50kg,63000.0,120,1,Semen,170,3,63000.0,189000.0,2026-09-14,2026-09,2026
68,2,2026-09-14 10:53:28,624000.0,selesai,8,Besi Beton 10mm,85000.0,150,3,Besi,172,2,85000.0,170000.0,2026-09-14,2026-09,2026
84,3,2026-09-15 09:29:22,200000.0,selesai,3,Semen Padang 50kg,62000.0,100,1,Semen,211,1,62000.0,62000.0,2026-09-15,2026-09,2026
84,3,2026-09-15 09:29:22,200000.0,selesai,13,Palu Besi,75000.0,25,6,Perkakas,210,1,75000.0,75000.0,2026-09-15,2026-09,2026
84,3,2026-09-15 09:29:22,200000.0,selesai,2,Semen Gresik 50kg,63000.0,120,1,Semen,209,1,63000.0,63000.0,2026-09-15,2026-09,2026
300,3,2026-09-15 11:30:18,615000.0,selesai,15,Meteran 5 Meter,35000.0,30,6,Perkakas,744,2,35000.0,70000.0,2026-09-15,2026-09,2026
300,3,2026-09-15 11:30:18,615000.0,selesai,13,Palu Besi,75000.0,25,6,Perkakas,745,3,75000.0,225000.0,2026-09-15,2026-09,2026
300,3,2026-09-15 11:30:18,615000.0,selesai,12,Kayu Meranti,85000.0,60,5,Kayu,742,2,85000.0,170000.0,2026-09-15,2026-09,2026
300,3,2026-09-15 11:30:18,615000.0,selesai,6,Cat Kayu Avian 1kg,75000.0,40,2,Cat,743,2,75000.0,150000.0,2026-09-15,2026-09,2026
256,10,2026-09-15 14:36:35,1515000.0,selesai,14,Bor Tangan,450000.0,15,6,Perkakas,645,1,450000.0,450000.0,2026-09-15,2026-09,2026
256,10,2026-09-15 14:36:35,1515000.0,selesai,9,Besi Beton 12mm,120000.0,100,3,Besi,644,5,120000.0,600000.0,2026-09-15,2026-09,2026
256,10,2026-09-15 14:36:35,1515000.0,selesai,12,Kayu Meranti,85000.0,60,5,Kayu,643,5,85000.0,425000.0,2026-09-15,2026-09,2026
256,10,2026-09-15 14:36:35,1515000.0,selesai,11,Pipa PVC 1 Inch,40000.0,80,4,Pipa,642,1,40000.0,40000.0,2026-09-15,2026-09,2026
248,5,2026-09-16 16:21:32,470000.0,selesai,15,Meteran 5 Meter,35000.0,30,6,Perkakas,628,10,35000.0,350000.0,2026-09-16,2026-09,2026
248,5,2026-09-16 16:21:32,470000.0,selesai,9,Besi Beton 12mm,120000.0,100,3,Besi,627,1,120000.0,120000.0,2026-09-16,2026-09,2026
178,1,2026-09-17 09:05:14,865000.0,selesai,15,Meteran 5 Meter,35000.0,30,6,Perkakas,457,1,35000.0,35000.0,2026-09-17,2026-09,2026
178,1,2026-09-17 09:05:14,865000.0,selesai,1,Semen Tiga Roda 50kg,65000.0,150,1,Semen,459,2,65000.0,130000.0,2026-09-17,2026-09,2026
178,1,2026-09-17 09:05:14,865000.0,selesai,6,Cat Kayu Avian 1kg,75000.0,40,2,Cat,460,2,75000.0,150000.0,2026-09-17,2026-09,2026
178,1,2026-09-17 09:05:14,865000.0,selesai,7,Besi Beton 8mm,55000.0,200,3,Besi,458,10,55000.0,550000.0,2026-09-17,2026-09,2026
123,5,2026-09-17 11:54:53,4099000.0,selesai,6,Cat Kayu Avian 1kg,75000.0,40,2,Cat,311,5,75000.0,375000.0,2026-09-17,2026-09,2026
123,5,2026-09-17 11:54:53,4099000.0,selesai,3,Semen Padang 50kg,62000.0,100,1,Semen,310,2,62000.0,124000.0,2026-09-17,2026-09,2026
123,5,2026-09-17 11:54:53,4099000.0,selesai,12,Kayu Meranti,85000.0,60,5,Kayu,312,20,85000.0,1700000.0,2026-09-17,2026-09,2026
123,5,2026-09-17 11:54:53,4099000.0,selesai,17,Keramik 60x60,95000.0,70,7,Keramik,313,20,95000.0,1900000.0,2026-09-17,2026-09,2026
269,2,2026-09-17 16:47:38,310000.0,selesai,9,Besi Beton 12mm,120000.0,100,3,Besi,679,2,120000.0,240000.0,2026-09-17,2026-09,2026
269,2,2026-09-17 16:47:38,310000.0,selesai,15,Meteran 5 Meter,35000.0,30,6,Perkakas,680,2,35000.0,70000.0,2026-09-17,2026-09,2026
71,7,2026-09-18 13:29:30,25000.0,selesai,10,Pipa PVC 1/2 Inch,25000.0,100,4,Pipa,179,1,25000.0,25000.0,2026-09-18,2026-09,2026
105,10,2026-09-19 13:54:58,430000.0,selesai,10,Pipa PVC 1/2 Inch,25000.0,100,4,Pipa,263,5,25000.0,125000.0,2026-09-19,2026-09,2026
105,10,2026-09-19 13:54:58,430000.0,selesai,1,Semen Tiga Roda 50kg,65000.0,150,1,Semen,262,2,65000.0,130000.0,2026-09-19,2026-09,2026
105,10,2026-09-19 13:54:58,430000.0,selesai,7,Besi Beton 8mm,55000.0,200,3,Besi,261,1,55000.0,55000.0,2026-09-19,2026-09,2026
105,10,2026-09-19 13:54:58,430000.0,selesai,9,Besi Beton 12mm,120000.0,100,3,Besi,264,1,120000.0,120000.0,2026-09-19,2026-09,2026
175,8,2026-09-19 14:28:48,599000.0,selesai,11,Pipa PVC 1 Inch,40000.0,80,4,Pipa,452,3,40000.0,120000.0,2026-09-19,2026-09,2026
175,8,2026-09-19 14:28:48,599000.0,selesai,2,Semen Gresik 50kg,63000.0,120,1,Semen,449,3,63000.0,189000.0,2026-09-19,2026-09,2026
175,8,2026-09-19 14:28:48,599000.0,selesai,17,Keramik 60x60,95000.0,70,7,Keramik,451,1,95000.0,95000.0,2026-09-19,2026-09,2026
175,8,2026-09-19 14:28:48,599000.0,selesai,16,Keramik 40x40,65000.0,100,7,Keramik,450,3,65000.0,195000.0,2026-09-19,2026-09,2026
263,4,2026-09-19 15:43:49,805000.0,selesai,12,Kayu Meranti,85000.0,60,5,Kayu,664,3,85000.0,255000.0,2026-09-19,2026-09,2026
263,4,2026-09-19 15:43:49,805000.0,selesai,4,Cat Tembok Avian 5kg,145000.0,50,2,Cat,663,2,145000.0,290000.0,2026-09-19,2026-09,2026
263,4,2026-09-19 15:43:49,805000.0,selesai,7,Besi Beton 8mm,55000.0,200,3,Besi,665,3,55000.0,165000.0,2026-09-19,2026-09,2026
263,4,2026-09-19 15:43:49,805000.0,selesai,17,Keramik 60x60,95000.0,70,7,Keramik,662,1,95000.0,95000.0,2026-09-19,2026-09,2026
116,6,2026-09-20 08:16:04,450000.0,selesai,10,Pipa PVC 1/2 Inch,25000.0,100,4,Pipa,290,1,25000.0,25000.0,2026-09-20,2026-09,2026
116,6,2026-09-20 08:16:04,450000.0,selesai,8,Besi Beton 10mm,85000.0,150,3,Besi,291,5,85000.0,425000.0,2026-09-20,2026-09,2026
82,6,2026-09-20 12:30:55,325000.0,selesai,1,Semen Tiga Roda 50kg,65000.0,150,1,Semen,204,5,65000.0,325000.0,2026-09-20,2026-09,2026
297,3,2026-09-20 12:34:45,124000.0,selesai,3,Semen Padang 50kg,62000.0,100,1,Semen,737,2,62000.0,124000.0,2026-09-20,2026-09,2026
189,3,2026-09-20 16:05:54,570000.0,selesai,15,Meteran 5 Meter,35000.0,30,6,Perkakas,482,2,35000.0,70000.0,2026-09-20,2026-09,2026
189,3,2026-09-20 16:05:54,570000.0,selesai,10,Pipa PVC 1/2 Inch,25000.0,100,4,Pipa,481,20,25000.0,500000.0,2026-09-20,2026-09,2026
9,6,2026-09-20 17:52:32,390000.0,selesai,10,Pipa PVC 1/2 Inch,25000.0,100,4,Pipa,21,3,25000.0,75000.0,2026-09-20,2026-09,2026
9,6,2026-09-20 17:52:32,390000.0,selesai,4,Cat Tembok Avian 5kg,145000.0,50,2,Cat,23,1,145000.0,145000.0,2026-09-20,2026-09,2026
9,6,2026-09-20 17:52:32,390000.0,selesai,1,Semen Tiga Roda 50kg,65000.0,150,1,Semen,22,2,65000.0,130000.0,2026-09-20,2026-09,2026
9,6,2026-09-20 17:52:32,390000.0,selesai,11,Pipa PVC 1 Inch,40000.0,80,4,Pipa,24,1,40000.0,40000.0,2026-09-20,2026-09,2026
171,3,2026-09-21 10:44:18,895000.0,selesai,15,Meteran 5 Meter,35000.0,30,6,Perkakas,440,3,35000.0,105000.0,2026-09-21,2026-09,2026
171,3,2026-09-21 10:44:18,895000.0,selesai,10,Pipa PVC 1/2 Inch,25000.0,100,4,Pipa,439,1,25000.0,25000.0,2026-09-21,2026-09,2026
171,3,2026-09-21 10:44:18,895000.0,selesai,17,Keramik 60x60,95000.0,70,7,Keramik,441,5,95000.0,475000.0,2026-09-21,2026-09,2026
171,3,2026-09-21 10:44:18,895000.0,selesai,4,Cat Tembok Avian 5kg,145000.0,50,2,Cat,442,2,145000.0,290000.0,2026-09-21,2026-09,2026
198,2,2026-09-22 13:48:36,6585000.0,selesai,12,Kayu Meranti,85000.0,60,5,Kayu,509,1,85000.0,85000.0,2026-09-22,2026-09,2026
198,2,2026-09-22 13:48:36,6585000.0,selesai,5,Cat Tembok Dulux 5kg,185000.0,35,2,Cat,510,10,185000.0,1850000.0,2026-09-22,2026-09,2026
198,2,2026-09-22 13:48:36,6585000.0,selesai,13,Palu Besi,75000.0,25,6,Perkakas,508,2,75000.0,150000.0,2026-09-22,2026-09,2026
198,2,2026-09-22 13:48:36,6585000.0,selesai,14,Bor Tangan,450000.0,15,6,Perkakas,511,10,450000.0,4500000.0,2026-09-22,2026-09,2026
86,3,2026-09-22 14:26:05,570000.0,selesai,6,Cat Kayu Avian 1kg,75000.0,40,2,Cat,213,5,75000.0,375000.0,2026-09-22,2026-09,2026
86,3,2026-09-22 14:26:05,570000.0,selesai,16,Keramik 40x40,65000.0,100,7,Keramik,214,3,65000.0,195000.0,2026-09-22,2026-09,2026
5,10,2026-09-23 17:00:38,190000.0,selesai,17,Keramik 60x60,95000.0,70,7,Keramik,12,2,95000.0,190000.0,2026-09-23,2026-09,2026
274,5,2026-09-24 12:35:55,600000.0,selesai,9,Besi Beton 12mm,120000.0,100,3,Besi,693,5,120000.0,600000.0,2026-09-24,2026-09,2026
42,4,2026-09-24 14:57:21,124000.0,selesai,3,Semen Padang 50kg,62000.0,100,1,Semen,110,2,62000.0,124000.0,2026-09-24,2026-09,2026
190,5,2026-09-25 11:33:57,1270000.0,selesai,17,Keramik 60x60,95000.0,70,7,Keramik,486,2,95000.0,190000.0,2026-09-25,2026-09,2026
190,5,2026-09-25 11:33:57,1270000.0,selesai,10,Pipa PVC 1/2 Inch,25000.0,100,4,Pipa,485,2,25000.0,50000.0,2026-09-25,2026-09,2026
190,5,2026-09-25 11:33:57,1270000.0,selesai,14,Bor Tangan,450000.0,15,6,Perkakas,483,2,450000.0,900000.0,2026-09-25,2026-09,2026
190,5,2026-09-25 11:33:57,1270000.0,selesai,16,Keramik 40x40,65000.0,100,7,Keramik,484,2,65000.0,130000.0,2026-09-25,2026-09,2026
57,1,2026-09-25 16:43:17,1025000.0,selesai,9,Besi Beton 12mm,120000.0,100,3,Besi,144,3,120000.0,360000.0,2026-09-25,2026-09,2026
57,1,2026-09-25 16:43:17,1025000.0,selesai,4,Cat Tembok Avian 5kg,145000.0,50,2,Cat,145,2,145000.0,290000.0,2026-09-25,2026-09,2026
57,1,2026-09-25 16:43:17,1025000.0,selesai,6,Cat Kayu Avian 1kg,75000.0,40,2,Cat,143,5,75000.0,375000.0,2026-09-25,2026-09,2026
148,1,2026-09-26 12:43:50,676000.0,selesai,10,Pipa PVC 1/2 Inch,25000.0,100,4,Pipa,379,3,25000.0,75000.0,2026-09-26,2026-09,2026
148,1,2026-09-26 12:43:50,676000.0,selesai,3,Semen Padang 50kg,62000.0,100,1,Semen,380,3,62000.0,186000.0,2026-09-26,2026-09,2026
148,1,2026-09-26 12:43:50,676000.0,selesai,17,Keramik 60x60,95000.0,70,7,Keramik,378,2,95000.0,190000.0,2026-09-26,2026-09,2026
148,1,2026-09-26 12:43:50,676000.0,selesai,6,Cat Kayu Avian 1kg,75000.0,40,2,Cat,377,3,75000.0,225000.0,2026-09-26,2026-09,2026
181,8,2026-09-29 15:11:12,475000.0,selesai,12,Kayu Meranti,85000.0,60,5,Kayu,465,2,85000.0,170000.0,2026-09-29,2026-09,2026
181,8,2026-09-29 15:11:12,475000.0,selesai,16,Keramik 40x40,65000.0,100,7,Keramik,464,3,65000.0,195000.0,2026-09-29,2026-09,2026
181,8,2026-09-29 15:11:12,475000.0,selesai,7,Besi Beton 8mm,55000.0,200,3,Besi,463,2,55000.0,110000.0,2026-09-29,2026-09,2026
183,8,2026-09-30 13:12:19,700000.0,selesai,15,Meteran 5 Meter,35000.0,30,6,Perkakas,467,20,35000.0,700000.0,2026-09-30,2026-09,2026
